ExecutableStatementCountCheck.java,com.puppycrawl.tools.checkstyle.checks.sizes.ExecutableStatementCountCheck,org.pitest.mutationtest.engine.gregor.mutators.ConstructorCallMutator,<init>,103,KILLED,com.puppycrawl.tools.checkstyle.checks.sizes.ExecutableStatementCountCheckTest.[engine:junit-jupiter]/[class:com.puppycrawl.tools.checkstyle.checks.sizes.ExecutableStatementCountCheckTest]/[method:testStatefulFieldsClearedOnBeginTree()]
ExecutableStatementCountCheck.java,com.puppycrawl.tools.checkstyle.checks.sizes.ExecutableStatementCountCheck,org.pitest.mutationtest.engine.gregor.mutators.ConstructorCallMutator,beginTree,158,KILLED,com.puppycrawl.tools.checkstyle.checks.sizes.ExecutableStatementCountCheckTest.[engine:junit-jupiter]/[class:com.puppycrawl.tools.checkstyle.checks.sizes.ExecutableStatementCountCheckTest]/[method:testStatefulFieldsClearedOnBeginTree()]
ExecutableStatementCountCheck.java,com.puppycrawl.tools.checkstyle.checks.sizes.ExecutableStatementCountCheck,org.pitest.mutationtest.engine.gregor.mutators.VoidMethodCallMutator,beginTree,159,KILLED,com.puppycrawl.tools.checkstyle.checks.sizes.ExecutableStatementCountCheckTest.[engine:junit-jupiter]/[class:com.puppycrawl.tools.checkstyle.checks.sizes.ExecutableStatementCountCheckTest]/[method:testStatefulFieldsClearedOnBeginTree()]
ExecutableStatementCountCheck.java,com.puppycrawl.tools.checkstyle.checks.sizes.ExecutableStatementCountCheck,org.pitest.mutationtest.engine.gregor.mutators.ReturnValsMutator,getAcceptableTokens,136,KILLED,com.puppycrawl.tools.checkstyle.checks.sizes.ExecutableStatementCountCheckTest.[engine:junit-jupiter]/[class:com.puppycrawl.tools.checkstyle.checks.sizes.ExecutableStatementCountCheckTest]/[method:testCtorDef()]
ExecutableStatementCountCheck.java,com.puppycrawl.tools.checkstyle.checks.sizes.ExecutableStatementCountCheck,org.pitest.mutationtest.engine.gregor.mutators.ReturnValsMutator,getDefaultTokens,118,KILLED,com.puppycrawl.tools.checkstyle.checks.sizes.ExecutableStatementCountCheckTest.[engine:junit-jupiter]/[class:com.puppycrawl.tools.checkstyle.checks.sizes.ExecutableStatementCountCheckTest]/[method:testDefaultConfiguration()]
ExecutableStatementCountCheck.java,com.puppycrawl.tools.checkstyle.checks.sizes.ExecutableStatementCountCheck,org.pitest.mutationtest.engine.gregor.mutators.ReturnValsMutator,getRequiredTokens,131,KILLED,com.puppycrawl.tools.checkstyle.checks.sizes.ExecutableStatementCountCheckTest.[engine:junit-jupiter]/[class:com.puppycrawl.tools.checkstyle.checks.sizes.ExecutableStatementCountCheckTest]/[method:testCtorDef()]
ExecutableStatementCountCheck.java,com.puppycrawl.tools.checkstyle.checks.sizes.ExecutableStatementCountCheck,org.pitest.mutationtest.engine.gregor.mutators.ReturnValsMutator,isContainerNode,232,KILLED,com.puppycrawl.tools.checkstyle.checks.sizes.ExecutableStatementCountCheckTest.[engine:junit-jupiter]/[class:com.puppycrawl.tools.checkstyle.checks.sizes.ExecutableStatementCountCheckTest]/[method:testLeaveTokenWithWrongTokenType()]
ExecutableStatementCountCheck.java,com.puppycrawl.tools.checkstyle.checks.sizes.ExecutableStatementCountCheck,org.pitest.mutationtest.engine.gregor.mutators.returns.BooleanFalseReturnValsMutator,isContainerNode,232,KILLED,com.puppycrawl.tools.checkstyle.checks.sizes.ExecutableStatementCountCheckTest.[engine:junit-jupiter]/[class:com.puppycrawl.tools.checkstyle.checks.sizes.ExecutableStatementCountCheckTest]/[method:testStatefulFieldsClearedOnBeginTree()]
ExecutableStatementCountCheck.java,com.puppycrawl.tools.checkstyle.checks.sizes.ExecutableStatementCountCheck,org.pitest.mutationtest.engine.gregor.mutators.returns.BooleanTrueReturnValsMutator,isContainerNode,232,KILLED,com.puppycrawl.tools.checkstyle.checks.sizes.ExecutableStatementCountCheckTest.[engine:junit-jupiter]/[class:com.puppycrawl.tools.checkstyle.checks.sizes.ExecutableStatementCountCheckTest]/[method:testLeaveTokenWithWrongTokenType()]
ExecutableStatementCountCheck.java,com.puppycrawl.tools.checkstyle.checks.sizes.ExecutableStatementCountCheck,org.pitest.mutationtest.engine.gregor.mutators.ConditionalsBoundaryMutator,leaveContainerNode,202,KILLED,com.puppycrawl.tools.checkstyle.checks.sizes.ExecutableStatementCountCheckTest.[engine:junit-jupiter]/[class:com.puppycrawl.tools.checkstyle.checks.sizes.ExecutableStatementCountCheckTest]/[method:testCtorDef()]
ExecutableStatementCountCheck.java,com.puppycrawl.tools.checkstyle.checks.sizes.ExecutableStatementCountCheck,org.pitest.mutationtest.engine.gregor.mutators.NegateConditionalsMutator,leaveContainerNode,202,KILLED,com.puppycrawl.tools.checkstyle.checks.sizes.ExecutableStatementCountCheckTest.[engine:junit-jupiter]/[class:com.puppycrawl.tools.checkstyle.checks.sizes.ExecutableStatementCountCheckTest]/[method:testCtorDef()]
ExecutableStatementCountCheck.java,com.puppycrawl.tools.checkstyle.checks.sizes.ExecutableStatementCountCheck,org.pitest.mutationtest.engine.gregor.mutators.RemoveConditionalMutator_ORDER_ELSE,leaveContainerNode,202,KILLED,com.puppycrawl.tools.checkstyle.checks.sizes.ExecutableStatementCountCheckTest.[engine:junit-jupiter]/[class:com.puppycrawl.tools.checkstyle.checks.sizes.ExecutableStatementCountCheckTest]/[method:testCtorDef()]
ExecutableStatementCountCheck.java,com.puppycrawl.tools.checkstyle.checks.sizes.ExecutableStatementCountCheck,org.pitest.mutationtest.engine.gregor.mutators.RemoveConditionalMutator_ORDER_IF,leaveContainerNode,202,KILLED,com.puppycrawl.tools.checkstyle.checks.sizes.ExecutableStatementCountCheckTest.[engine:junit-jupiter]/[class:com.puppycrawl.tools.checkstyle.checks.sizes.ExecutableStatementCountCheckTest]/[method:testCtorDef()]
ExecutableStatementCountCheck.java,com.puppycrawl.tools.checkstyle.checks.sizes.ExecutableStatementCountCheck,org.pitest.mutationtest.engine.gregor.mutators.VoidMethodCallMutator,leaveContainerNode,203,KILLED,com.puppycrawl.tools.checkstyle.checks.sizes.ExecutableStatementCountCheckTest.[engine:junit-jupiter]/[class:com.puppycrawl.tools.checkstyle.checks.sizes.ExecutableStatementCountCheckTest]/[method:testCtorDef()]
ExecutableStatementCountCheck.java,com.puppycrawl.tools.checkstyle.checks.sizes.ExecutableStatementCountCheck,org.pitest.mutationtest.engine.gregor.mutators.ConstructorCallMutator,leaveToken,181,KILLED,com.puppycrawl.tools.checkstyle.checks.sizes.ExecutableStatementCountCheckTest.[engine:junit-jupiter]/[class:com.puppycrawl.tools.checkstyle.checks.sizes.ExecutableStatementCountCheckTest]/[method:testLeaveTokenWithWrongTokenType()]
ExecutableStatementCountCheck.java,com.puppycrawl.tools.checkstyle.checks.sizes.ExecutableStatementCountCheck,org.pitest.mutationtest.engine.gregor.mutators.NegateConditionalsMutator,leaveToken,177,KILLED,com.puppycrawl.tools.checkstyle.checks.sizes.ExecutableStatementCountCheckTest.[engine:junit-jupiter]/[class:com.puppycrawl.tools.checkstyle.checks.sizes.ExecutableStatementCountCheckTest]/[method:testLeaveTokenWithWrongTokenType()]
ExecutableStatementCountCheck.java,com.puppycrawl.tools.checkstyle.checks.sizes.ExecutableStatementCountCheck,org.pitest.mutationtest.engine.gregor.mutators.NegateConditionalsMutator,leaveToken,180,KILLED,com.puppycrawl.tools.checkstyle.checks.sizes.ExecutableStatementCountCheckTest.[engine:junit-jupiter]/[class:com.puppycrawl.tools.checkstyle.checks.sizes.ExecutableStatementCountCheckTest]/[method:testLeaveTokenWithWrongTokenType()]
ExecutableStatementCountCheck.java,com.puppycrawl.tools.checkstyle.checks.sizes.ExecutableStatementCountCheck,org.pitest.mutationtest.engine.gregor.mutators.RemoveConditionalMutator_EQUAL_ELSE,leaveToken,177,KILLED,com.puppycrawl.tools.checkstyle.checks.sizes.ExecutableStatementCountCheckTest.[engine:junit-jupiter]/[class:com.puppycrawl.tools.checkstyle.checks.sizes.ExecutableStatementCountCheckTest]/[method:testCtorDef()]
ExecutableStatementCountCheck.java,com.puppycrawl.tools.checkstyle.checks.sizes.ExecutableStatementCountCheck,org.pitest.mutationtest.engine.gregor.mutators.RemoveConditionalMutator_EQUAL_ELSE,leaveToken,180,KILLED,com.puppycrawl.tools.checkstyle.checks.sizes.ExecutableStatementCountCheckTest.[engine:junit-jupiter]/[class:com.puppycrawl.tools.checkstyle.checks.sizes.ExecutableStatementCountCheckTest]/[method:testLeaveTokenWithWrongTokenType()]
ExecutableStatementCountCheck.java,com.puppycrawl.tools.checkstyle.checks.sizes.ExecutableStatementCountCheck,org.pitest.mutationtest.engine.gregor.mutators.RemoveConditionalMutator_EQUAL_IF,leaveToken,177,KILLED,com.puppycrawl.tools.checkstyle.checks.sizes.ExecutableStatementCountCheckTest.[engine:junit-jupiter]/[class:com.puppycrawl.tools.checkstyle.checks.sizes.ExecutableStatementCountCheckTest]/[method:testLeaveTokenWithWrongTokenType()]
ExecutableStatementCountCheck.java,com.puppycrawl.tools.checkstyle.checks.sizes.ExecutableStatementCountCheck,org.pitest.mutationtest.engine.gregor.mutators.RemoveConditionalMutator_EQUAL_IF,leaveToken,180,KILLED,com.puppycrawl.tools.checkstyle.checks.sizes.ExecutableStatementCountCheckTest.[engine:junit-jupiter]/[class:com.puppycrawl.tools.checkstyle.checks.sizes.ExecutableStatementCountCheckTest]/[method:testCtorDef()]
ExecutableStatementCountCheck.java,com.puppycrawl.tools.checkstyle.checks.sizes.ExecutableStatementCountCheck,org.pitest.mutationtest.engine.gregor.mutators.VoidMethodCallMutator,leaveToken,178,KILLED,com.puppycrawl.tools.checkstyle.checks.sizes.ExecutableStatementCountCheckTest.[engine:junit-jupiter]/[class:com.puppycrawl.tools.checkstyle.checks.sizes.ExecutableStatementCountCheckTest]/[method:testCtorDef()]
ExecutableStatementCountCheck.java,com.puppycrawl.tools.checkstyle.checks.sizes.ExecutableStatementCountCheck,org.pitest.mutationtest.engine.gregor.mutators.ConstructorCallMutator,visitContainerNode,192,KILLED,com.puppycrawl.tools.checkstyle.checks.sizes.ExecutableStatementCountCheckTest.[engine:junit-jupiter]/[class:com.puppycrawl.tools.checkstyle.checks.sizes.ExecutableStatementCountCheckTest]/[method:testCtorDef()]
ExecutableStatementCountCheck.java,com.puppycrawl.tools.checkstyle.checks.sizes.ExecutableStatementCountCheck,org.pitest.mutationtest.engine.gregor.mutators.VoidMethodCallMutator,visitContainerNode,191,KILLED,com.puppycrawl.tools.checkstyle.checks.sizes.ExecutableStatementCountCheckTest.[engine:junit-jupiter]/[class:com.puppycrawl.tools.checkstyle.checks.sizes.ExecutableStatementCountCheckTest]/[method:testCtorDef()]
ExecutableStatementCountCheck.java,com.puppycrawl.tools.checkstyle.checks.sizes.ExecutableStatementCountCheck,org.pitest.mutationtest.engine.gregor.mutators.MathMutator,visitSlist,220,KILLED,com.puppycrawl.tools.checkstyle.checks.sizes.ExecutableStatementCountCheckTest.[engine:junit-jupiter]/[class:com.puppycrawl.tools.checkstyle.checks.sizes.ExecutableStatementCountCheckTest]/[method:testCtorDef()]
ExecutableStatementCountCheck.java,com.puppycrawl.tools.checkstyle.checks.sizes.ExecutableStatementCountCheck,org.pitest.mutationtest.engine.gregor.mutators.NegateConditionalsMutator,visitSlist,216,KILLED,com.puppycrawl.tools.checkstyle.checks.sizes.ExecutableStatementCountCheckTest.[engine:junit-jupiter]/[class:com.puppycrawl.tools.checkstyle.checks.sizes.ExecutableStatementCountCheckTest]/[method:testMethodDef()]
ExecutableStatementCountCheck.java,com.puppycrawl.tools.checkstyle.checks.sizes.ExecutableStatementCountCheck,org.pitest.mutationtest.engine.gregor.mutators.NegateConditionalsMutator,visitSlist,216,KILLED,com.puppycrawl.tools.checkstyle.checks.sizes.ExecutableStatementCountCheckTest.[engine:junit-jupiter]/[class:com.puppycrawl.tools.checkstyle.checks.sizes.ExecutableStatementCountCheckTest]/[method:testCtorDef()]
ExecutableStatementCountCheck.java,com.puppycrawl.tools.checkstyle.checks.sizes.ExecutableStatementCountCheck,org.pitest.mutationtest.engine.gregor.mutators.NegateConditionalsMutator,visitSlist,219,KILLED,com.puppycrawl.tools.checkstyle.checks.sizes.ExecutableStatementCountCheckTest.[engine:junit-jupiter]/[class:com.puppycrawl.tools.checkstyle.checks.sizes.ExecutableStatementCountCheckTest]/[method:testCtorDef()]
ExecutableStatementCountCheck.java,com.puppycrawl.tools.checkstyle.checks.sizes.ExecutableStatementCountCheck,org.pitest.mutationtest.engine.gregor.mutators.RemoveConditionalMutator_EQUAL_ELSE,visitSlist,216,KILLED,com.puppycrawl.tools.checkstyle.checks.sizes.ExecutableStatementCountCheckTest.[engine:junit-jupiter]/[class:com.puppycrawl.tools.checkstyle.checks.sizes.ExecutableStatementCountCheckTest]/[method:testMethodDef()]
ExecutableStatementCountCheck.java,com.puppycrawl.tools.checkstyle.checks.sizes.ExecutableStatementCountCheck,org.pitest.mutationtest.engine.gregor.mutators.RemoveConditionalMutator_EQUAL_ELSE,visitSlist,216,KILLED,com.puppycrawl.tools.checkstyle.checks.sizes.ExecutableStatementCountCheckTest.[engine:junit-jupiter]/[class:com.puppycrawl.tools.checkstyle.checks.sizes.ExecutableStatementCountCheckTest]/[method:testMethodDef()]
ExecutableStatementCountCheck.java,com.puppycrawl.tools.checkstyle.checks.sizes.ExecutableStatementCountCheck,org.pitest.mutationtest.engine.gregor.mutators.RemoveConditionalMutator_EQUAL_ELSE,visitSlist,219,KILLED,com.puppycrawl.tools.checkstyle.checks.sizes.ExecutableStatementCountCheckTest.[engine:junit-jupiter]/[class:com.puppycrawl.tools.checkstyle.checks.sizes.ExecutableStatementCountCheckTest]/[method:testCtorDef()]
ExecutableStatementCountCheck.java,com.puppycrawl.tools.checkstyle.checks.sizes.ExecutableStatementCountCheck,org.pitest.mutationtest.engine.gregor.mutators.RemoveConditionalMutator_EQUAL_IF,visitSlist,216,KILLED,com.puppycrawl.tools.checkstyle.checks.sizes.ExecutableStatementCountCheckTest.[engine:junit-jupiter]/[class:com.puppycrawl.tools.checkstyle.checks.sizes.ExecutableStatementCountCheckTest]/[method:testExecutableStatementCountRecords()]
ExecutableStatementCountCheck.java,com.puppycrawl.tools.checkstyle.checks.sizes.ExecutableStatementCountCheck,org.pitest.mutationtest.engine.gregor.mutators.RemoveConditionalMutator_EQUAL_IF,visitSlist,216,KILLED,com.puppycrawl.tools.checkstyle.checks.sizes.ExecutableStatementCountCheckTest.[engine:junit-jupiter]/[class:com.puppycrawl.tools.checkstyle.checks.sizes.ExecutableStatementCountCheckTest]/[method:testCtorDef()]
ExecutableStatementCountCheck.java,com.puppycrawl.tools.checkstyle.checks.sizes.ExecutableStatementCountCheck,org.pitest.mutationtest.engine.gregor.mutators.RemoveConditionalMutator_EQUAL_IF,visitSlist,219,KILLED,com.puppycrawl.tools.checkstyle.checks.sizes.ExecutableStatementCountCheckTest.[engine:junit-jupiter]/[class:com.puppycrawl.tools.checkstyle.checks.sizes.ExecutableStatementCountCheckTest]/[method:testCtorDef()]
ExecutableStatementCountCheck.java,com.puppycrawl.tools.checkstyle.checks.sizes.ExecutableStatementCountCheck,org.pitest.mutationtest.engine.gregor.mutators.VoidMethodCallMutator,visitSlist,220,KILLED,com.puppycrawl.tools.checkstyle.checks.sizes.ExecutableStatementCountCheckTest.[engine:junit-jupiter]/[class:com.puppycrawl.tools.checkstyle.checks.sizes.ExecutableStatementCountCheckTest]/[method:testCtorDef()]
ExecutableStatementCountCheck.java,com.puppycrawl.tools.checkstyle.checks.sizes.ExecutableStatementCountCheck,org.pitest.mutationtest.engine.gregor.mutators.ConstructorCallMutator,visitToken,171,KILLED,com.puppycrawl.tools.checkstyle.checks.sizes.ExecutableStatementCountCheckTest.[engine:junit-jupiter]/[class:com.puppycrawl.tools.checkstyle.checks.sizes.ExecutableStatementCountCheckTest]/[method:testVisitTokenWithWrongTokenType()]
ExecutableStatementCountCheck.java,com.puppycrawl.tools.checkstyle.checks.sizes.ExecutableStatementCountCheck,org.pitest.mutationtest.engine.gregor.mutators.NegateConditionalsMutator,visitToken,164,KILLED,com.puppycrawl.tools.checkstyle.checks.sizes.ExecutableStatementCountCheckTest.[engine:junit-jupiter]/[class:com.puppycrawl.tools.checkstyle.checks.sizes.ExecutableStatementCountCheckTest]/[method:testStatefulFieldsClearedOnBeginTree()]
ExecutableStatementCountCheck.java,com.puppycrawl.tools.checkstyle.checks.sizes.ExecutableStatementCountCheck,org.pitest.mutationtest.engine.gregor.mutators.NegateConditionalsMutator,visitToken,167,KILLED,com.puppycrawl.tools.checkstyle.checks.sizes.ExecutableStatementCountCheckTest.[engine:junit-jupiter]/[class:com.puppycrawl.tools.checkstyle.checks.sizes.ExecutableStatementCountCheckTest]/[method:testVisitTokenWithWrongTokenType()]
ExecutableStatementCountCheck.java,com.puppycrawl.tools.checkstyle.checks.sizes.ExecutableStatementCountCheck,org.pitest.mutationtest.engine.gregor.mutators.RemoveConditionalMutator_EQUAL_ELSE,visitToken,164,KILLED,com.puppycrawl.tools.checkstyle.checks.sizes.ExecutableStatementCountCheckTest.[engine:junit-jupiter]/[class:com.puppycrawl.tools.checkstyle.checks.sizes.ExecutableStatementCountCheckTest]/[method:testStatefulFieldsClearedOnBeginTree()]
ExecutableStatementCountCheck.java,com.puppycrawl.tools.checkstyle.checks.sizes.ExecutableStatementCountCheck,org.pitest.mutationtest.engine.gregor.mutators.RemoveConditionalMutator_EQUAL_ELSE,visitToken,167,KILLED,com.puppycrawl.tools.checkstyle.checks.sizes.ExecutableStatementCountCheckTest.[engine:junit-jupiter]/[class:com.puppycrawl.tools.checkstyle.checks.sizes.ExecutableStatementCountCheckTest]/[method:testCtorDef()]
ExecutableStatementCountCheck.java,com.puppycrawl.tools.checkstyle.checks.sizes.ExecutableStatementCountCheck,org.pitest.mutationtest.engine.gregor.mutators.RemoveConditionalMutator_EQUAL_IF,visitToken,164,KILLED,com.puppycrawl.tools.checkstyle.checks.sizes.ExecutableStatementCountCheckTest.[engine:junit-jupiter]/[class:com.puppycrawl.tools.checkstyle.checks.sizes.ExecutableStatementCountCheckTest]/[method:testVisitTokenWithWrongTokenType()]
ExecutableStatementCountCheck.java,com.puppycrawl.tools.checkstyle.checks.sizes.ExecutableStatementCountCheck,org.pitest.mutationtest.engine.gregor.mutators.RemoveConditionalMutator_EQUAL_IF,visitToken,167,KILLED,com.puppycrawl.tools.checkstyle.checks.sizes.ExecutableStatementCountCheckTest.[engine:junit-jupiter]/[class:com.puppycrawl.tools.checkstyle.checks.sizes.ExecutableStatementCountCheckTest]/[method:testVisitTokenWithWrongTokenType()]
ExecutableStatementCountCheck.java,com.puppycrawl.tools.checkstyle.checks.sizes.ExecutableStatementCountCheck,org.pitest.mutationtest.engine.gregor.mutators.VoidMethodCallMutator,visitToken,165,KILLED,com.puppycrawl.tools.checkstyle.checks.sizes.ExecutableStatementCountCheckTest.[engine:junit-jupiter]/[class:com.puppycrawl.tools.checkstyle.checks.sizes.ExecutableStatementCountCheckTest]/[method:testCtorDef()]
ExecutableStatementCountCheck.java,com.puppycrawl.tools.checkstyle.checks.sizes.ExecutableStatementCountCheck,org.pitest.mutationtest.engine.gregor.mutators.VoidMethodCallMutator,visitToken,168,KILLED,com.puppycrawl.tools.checkstyle.checks.sizes.ExecutableStatementCountCheckTest.[engine:junit-jupiter]/[class:com.puppycrawl.tools.checkstyle.checks.sizes.ExecutableStatementCountCheckTest]/[method:testCtorDef()]
MethodCountCheck.java,com.puppycrawl.tools.checkstyle.checks.sizes.MethodCountCheck,org.pitest.mutationtest.engine.gregor.mutators.ConstructorCallMutator,<init>,207,KILLED,com.puppycrawl.tools.checkstyle.checks.sizes.MethodCountCheckTest.[engine:junit-jupiter]/[class:com.puppycrawl.tools.checkstyle.checks.sizes.MethodCountCheckTest]/[method:testPartialTokens()]
MethodCountCheck.java,com.puppycrawl.tools.checkstyle.checks.sizes.MethodCountCheck,org.pitest.mutationtest.engine.gregor.mutators.VoidMethodCallMutator,checkCounters,304,KILLED,com.puppycrawl.tools.checkstyle.checks.sizes.MethodCountCheckTest.[engine:junit-jupiter]/[class:com.puppycrawl.tools.checkstyle.checks.sizes.MethodCountCheckTest]/[method:testThrees()]
MethodCountCheck.java,com.puppycrawl.tools.checkstyle.checks.sizes.MethodCountCheck,org.pitest.mutationtest.engine.gregor.mutators.VoidMethodCallMutator,checkCounters,306,KILLED,com.puppycrawl.tools.checkstyle.checks.sizes.MethodCountCheckTest.[engine:junit-jupiter]/[class:com.puppycrawl.tools.checkstyle.checks.sizes.MethodCountCheckTest]/[method:testThrees()]
MethodCountCheck.java,com.puppycrawl.tools.checkstyle.checks.sizes.MethodCountCheck,org.pitest.mutationtest.engine.gregor.mutators.VoidMethodCallMutator,checkCounters,308,KILLED,com.puppycrawl.tools.checkstyle.checks.sizes.MethodCountCheckTest.[engine:junit-jupiter]/[class:com.puppycrawl.tools.checkstyle.checks.sizes.MethodCountCheckTest]/[method:testThrees()]
MethodCountCheck.java,com.puppycrawl.tools.checkstyle.checks.sizes.MethodCountCheck,org.pitest.mutationtest.engine.gregor.mutators.VoidMethodCallMutator,checkCounters,310,KILLED,com.puppycrawl.tools.checkstyle.checks.sizes.MethodCountCheckTest.[engine:junit-jupiter]/[class:com.puppycrawl.tools.checkstyle.checks.sizes.MethodCountCheckTest]/[method:testInterfaceMemberScopeIsPublic()]
MethodCountCheck.java,com.puppycrawl.tools.checkstyle.checks.sizes.MethodCountCheck,org.pitest.mutationtest.engine.gregor.mutators.VoidMethodCallMutator,checkCounters,312,KILLED,com.puppycrawl.tools.checkstyle.checks.sizes.MethodCountCheckTest.[engine:junit-jupiter]/[class:com.puppycrawl.tools.checkstyle.checks.sizes.MethodCountCheckTest]/[method:testWithInterfaceDefinitionInClass()]
MethodCountCheck.java,com.puppycrawl.tools.checkstyle.checks.sizes.MethodCountCheck,org.pitest.mutationtest.engine.gregor.mutators.ConditionalsBoundaryMutator,checkMax,324,KILLED,com.puppycrawl.tools.checkstyle.checks.sizes.MethodCountCheckTest.[engine:junit-jupiter]/[class:com.puppycrawl.tools.checkstyle.checks.sizes.MethodCountCheckTest]/[method:testWithPackageModifier()]
MethodCountCheck.java,com.puppycrawl.tools.checkstyle.checks.sizes.MethodCountCheck,org.pitest.mutationtest.engine.gregor.mutators.NegateConditionalsMutator,checkMax,324,KILLED,com.puppycrawl.tools.checkstyle.checks.sizes.MethodCountCheckTest.[engine:junit-jupiter]/[class:com.puppycrawl.tools.checkstyle.checks.sizes.MethodCountCheckTest]/[method:testOnInterfaceDefinitionWithField()]
MethodCountCheck.java,com.puppycrawl.tools.checkstyle.checks.sizes.MethodCountCheck,org.pitest.mutationtest.engine.gregor.mutators.RemoveConditionalMutator_ORDER_ELSE,checkMax,324,KILLED,com.puppycrawl.tools.checkstyle.checks.sizes.MethodCountCheckTest.[engine:junit-jupiter]/[class:com.puppycrawl.tools.checkstyle.checks.sizes.MethodCountCheckTest]/[method:testInterfaceMemberScopeIsPublic()]
MethodCountCheck.java,com.puppycrawl.tools.checkstyle.checks.sizes.MethodCountCheck,org.pitest.mutationtest.engine.gregor.mutators.RemoveConditionalMutator_ORDER_IF,checkMax,324,KILLED,com.puppycrawl.tools.checkstyle.checks.sizes.MethodCountCheckTest.[engine:junit-jupiter]/[class:com.puppycrawl.tools.checkstyle.checks.sizes.MethodCountCheckTest]/[method:testOnInterfaceDefinitionWithField()]
MethodCountCheck.java,com.puppycrawl.tools.checkstyle.checks.sizes.MethodCountCheck,org.pitest.mutationtest.engine.gregor.mutators.VoidMethodCallMutator,checkMax,325,KILLED,com.puppycrawl.tools.checkstyle.checks.sizes.MethodCountCheckTest.[engine:junit-jupiter]/[class:com.puppycrawl.tools.checkstyle.checks.sizes.MethodCountCheckTest]/[method:testInterfaceMemberScopeIsPublic()]
MethodCountCheck.java,com.puppycrawl.tools.checkstyle.checks.sizes.MethodCountCheck,org.pitest.mutationtest.engine.gregor.mutators.ReturnValsMutator,getAcceptableTokens,227,KILLED,com.puppycrawl.tools.checkstyle.checks.sizes.MethodCountCheckTest.[engine:junit-jupiter]/[class:com.puppycrawl.tools.checkstyle.checks.sizes.MethodCountCheckTest]/[method:testGetAcceptableTokens()]
MethodCountCheck.java,com.puppycrawl.tools.checkstyle.checks.sizes.MethodCountCheck,org.pitest.mutationtest.engine.gregor.mutators.ReturnValsMutator,getDefaultTokens,222,KILLED,com.puppycrawl.tools.checkstyle.checks.sizes.MethodCountCheckTest.[engine:junit-jupiter]/[class:com.puppycrawl.tools.checkstyle.checks.sizes.MethodCountCheckTest]/[method:testOnInterfaceDefinitionWithField()]
MethodCountCheck.java,com.puppycrawl.tools.checkstyle.checks.sizes.MethodCountCheck,org.pitest.mutationtest.engine.gregor.mutators.ReturnValsMutator,getRequiredTokens,240,KILLED,com.puppycrawl.tools.checkstyle.checks.sizes.MethodCountCheckTest.[engine:junit-jupiter]/[class:com.puppycrawl.tools.checkstyle.checks.sizes.MethodCountCheckTest]/[method:testGetRequiredTokens()]
MethodCountCheck.java,com.puppycrawl.tools.checkstyle.checks.sizes.MethodCountCheck,org.pitest.mutationtest.engine.gregor.mutators.NegateConditionalsMutator,isInLatestScopeDefinition,276,KILLED,com.puppycrawl.tools.checkstyle.checks.sizes.MethodCountCheckTest.[engine:junit-jupiter]/[class:com.puppycrawl.tools.checkstyle.checks.sizes.MethodCountCheckTest]/[method:testPartialTokens()]
MethodCountCheck.java,com.puppycrawl.tools.checkstyle.checks.sizes.MethodCountCheck,org.pitest.mutationtest.engine.gregor.mutators.NegateConditionalsMutator,isInLatestScopeDefinition,279,KILLED,com.puppycrawl.tools.checkstyle.checks.sizes.MethodCountCheckTest.[engine:junit-jupiter]/[class:com.puppycrawl.tools.checkstyle.checks.sizes.MethodCountCheckTest]/[method:testInterfaceMemberScopeIsPublic()]
MethodCountCheck.java,com.puppycrawl.tools.checkstyle.checks.sizes.MethodCountCheck,org.pitest.mutationtest.engine.gregor.mutators.RemoveConditionalMutator_EQUAL_ELSE,isInLatestScopeDefinition,276,KILLED,com.puppycrawl.tools.checkstyle.checks.sizes.MethodCountCheckTest.[engine:junit-jupiter]/[class:com.puppycrawl.tools.checkstyle.checks.sizes.MethodCountCheckTest]/[method:testInterfaceMemberScopeIsPublic()]
MethodCountCheck.java,com.puppycrawl.tools.checkstyle.checks.sizes.MethodCountCheck,org.pitest.mutationtest.engine.gregor.mutators.RemoveConditionalMutator_EQUAL_ELSE,isInLatestScopeDefinition,279,KILLED,com.puppycrawl.tools.checkstyle.checks.sizes.MethodCountCheckTest.[engine:junit-jupiter]/[class:com.puppycrawl.tools.checkstyle.checks.sizes.MethodCountCheckTest]/[method:testInterfaceMemberScopeIsPublic()]
MethodCountCheck.java,com.puppycrawl.tools.checkstyle.checks.sizes.MethodCountCheck,org.pitest.mutationtest.engine.gregor.mutators.RemoveConditionalMutator_EQUAL_IF,isInLatestScopeDefinition,276,KILLED,com.puppycrawl.tools.checkstyle.checks.sizes.MethodCountCheckTest.[engine:junit-jupiter]/[class:com.puppycrawl.tools.checkstyle.checks.sizes.MethodCountCheckTest]/[method:testPartialTokens()]
MethodCountCheck.java,com.puppycrawl.tools.checkstyle.checks.sizes.MethodCountCheck,org.pitest.mutationtest.engine.gregor.mutators.RemoveConditionalMutator_EQUAL_IF,isInLatestScopeDefinition,279,KILLED,com.puppycrawl.tools.checkstyle.checks.sizes.MethodCountCheckTest.[engine:junit-jupiter]/[class:com.puppycrawl.tools.checkstyle.checks.sizes.MethodCountCheckTest]/[method:testCountMethodToCorrectDefinition()]
MethodCountCheck.java,com.puppycrawl.tools.checkstyle.checks.sizes.MethodCountCheck,org.pitest.mutationtest.engine.gregor.mutators.ReturnValsMutator,isInLatestScopeDefinition,282,KILLED,com.puppycrawl.tools.checkstyle.checks.sizes.MethodCountCheckTest.[engine:junit-jupiter]/[class:com.puppycrawl.tools.checkstyle.checks.sizes.MethodCountCheckTest]/[method:testPartialTokens()]
MethodCountCheck.java,com.puppycrawl.tools.checkstyle.checks.sizes.MethodCountCheck,org.pitest.mutationtest.engine.gregor.mutators.returns.BooleanFalseReturnValsMutator,isInLatestScopeDefinition,282,KILLED,com.puppycrawl.tools.checkstyle.checks.sizes.MethodCountCheckTest.[engine:junit-jupiter]/[class:com.puppycrawl.tools.checkstyle.checks.sizes.MethodCountCheckTest]/[method:testInterfaceMemberScopeIsPublic()]
MethodCountCheck.java,com.puppycrawl.tools.checkstyle.checks.sizes.MethodCountCheck,org.pitest.mutationtest.engine.gregor.mutators.returns.BooleanTrueReturnValsMutator,isInLatestScopeDefinition,282,KILLED,com.puppycrawl.tools.checkstyle.checks.sizes.MethodCountCheckTest.[engine:junit-jupiter]/[class:com.puppycrawl.tools.checkstyle.checks.sizes.MethodCountCheckTest]/[method:testPartialTokens()]
MethodCountCheck.java,com.puppycrawl.tools.checkstyle.checks.sizes.MethodCountCheck,org.pitest.mutationtest.engine.gregor.mutators.NegateConditionalsMutator,leaveToken,257,KILLED,com.puppycrawl.tools.checkstyle.checks.sizes.MethodCountCheckTest.[engine:junit-jupiter]/[class:com.puppycrawl.tools.checkstyle.checks.sizes.MethodCountCheckTest]/[method:testPartialTokens()]
MethodCountCheck.java,com.puppycrawl.tools.checkstyle.checks.sizes.MethodCountCheck,org.pitest.mutationtest.engine.gregor.mutators.RemoveConditionalMutator_EQUAL_ELSE,leaveToken,257,KILLED,com.puppycrawl.tools.checkstyle.checks.sizes.MethodCountCheckTest.[engine:junit-jupiter]/[class:com.puppycrawl.tools.checkstyle.checks.sizes.MethodCountCheckTest]/[method:testInterfaceMemberScopeIsPublic()]
MethodCountCheck.java,com.puppycrawl.tools.checkstyle.checks.sizes.MethodCountCheck,org.pitest.mutationtest.engine.gregor.mutators.RemoveConditionalMutator_EQUAL_IF,leaveToken,257,KILLED,com.puppycrawl.tools.checkstyle.checks.sizes.MethodCountCheckTest.[engine:junit-jupiter]/[class:com.puppycrawl.tools.checkstyle.checks.sizes.MethodCountCheckTest]/[method:testPartialTokens()]
MethodCountCheck.java,com.puppycrawl.tools.checkstyle.checks.sizes.MethodCountCheck,org.pitest.mutationtest.engine.gregor.mutators.VoidMethodCallMutator,leaveToken,260,KILLED,com.puppycrawl.tools.checkstyle.checks.sizes.MethodCountCheckTest.[engine:junit-jupiter]/[class:com.puppycrawl.tools.checkstyle.checks.sizes.MethodCountCheckTest]/[method:testInterfaceMemberScopeIsPublic()]
MethodCountCheck.java,com.puppycrawl.tools.checkstyle.checks.sizes.MethodCountCheck,org.pitest.mutationtest.engine.gregor.mutators.VoidMethodCallMutator,raiseCounter,294,KILLED,com.puppycrawl.tools.checkstyle.checks.sizes.MethodCountCheckTest.[engine:junit-jupiter]/[class:com.puppycrawl.tools.checkstyle.checks.sizes.MethodCountCheckTest]/[method:testInterfaceMemberScopeIsPublic()]
MethodCountCheck.java,com.puppycrawl.tools.checkstyle.checks.sizes.MethodCountCheck,org.pitest.mutationtest.engine.gregor.mutators.ConstructorCallMutator,visitToken,251,KILLED,com.puppycrawl.tools.checkstyle.checks.sizes.MethodCountCheckTest.[engine:junit-jupiter]/[class:com.puppycrawl.tools.checkstyle.checks.sizes.MethodCountCheckTest]/[method:testOnInterfaceDefinitionWithField()]
MethodCountCheck.java,com.puppycrawl.tools.checkstyle.checks.sizes.MethodCountCheck,org.pitest.mutationtest.engine.gregor.mutators.NegateConditionalsMutator,visitToken,245,KILLED,com.puppycrawl.tools.checkstyle.checks.sizes.MethodCountCheckTest.[engine:junit-jupiter]/[class:com.puppycrawl.tools.checkstyle.checks.sizes.MethodCountCheckTest]/[method:testInterfaceMemberScopeIsPublic()]
MethodCountCheck.java,com.puppycrawl.tools.checkstyle.checks.sizes.MethodCountCheck,org.pitest.mutationtest.engine.gregor.mutators.NegateConditionalsMutator,visitToken,246,KILLED,com.puppycrawl.tools.checkstyle.checks.sizes.MethodCountCheckTest.[engine:junit-jupiter]/[class:com.puppycrawl.tools.checkstyle.checks.sizes.MethodCountCheckTest]/[method:testPartialTokens()]
MethodCountCheck.java,com.puppycrawl.tools.checkstyle.checks.sizes.MethodCountCheck,org.pitest.mutationtest.engine.gregor.mutators.RemoveConditionalMutator_EQUAL_ELSE,visitToken,245,KILLED,com.puppycrawl.tools.checkstyle.checks.sizes.MethodCountCheckTest.[engine:junit-jupiter]/[class:com.puppycrawl.tools.checkstyle.checks.sizes.MethodCountCheckTest]/[method:testInterfaceMemberScopeIsPublic()]
MethodCountCheck.java,com.puppycrawl.tools.checkstyle.checks.sizes.MethodCountCheck,org.pitest.mutationtest.engine.gregor.mutators.RemoveConditionalMutator_EQUAL_ELSE,visitToken,246,KILLED,com.puppycrawl.tools.checkstyle.checks.sizes.MethodCountCheckTest.[engine:junit-jupiter]/[class:com.puppycrawl.tools.checkstyle.checks.sizes.MethodCountCheckTest]/[method:testInterfaceMemberScopeIsPublic()]
MethodCountCheck.java,com.puppycrawl.tools.checkstyle.checks.sizes.MethodCountCheck,org.pitest.mutationtest.engine.gregor.mutators.RemoveConditionalMutator_EQUAL_IF,visitToken,245,KILLED,com.puppycrawl.tools.checkstyle.checks.sizes.MethodCountCheckTest.[engine:junit-jupiter]/[class:com.puppycrawl.tools.checkstyle.checks.sizes.MethodCountCheckTest]/[method:testOnInterfaceDefinitionWithField()]
MethodCountCheck.java,com.puppycrawl.tools.checkstyle.checks.sizes.MethodCountCheck,org.pitest.mutationtest.engine.gregor.mutators.RemoveConditionalMutator_EQUAL_IF,visitToken,246,KILLED,com.puppycrawl.tools.checkstyle.checks.sizes.MethodCountCheckTest.[engine:junit-jupiter]/[class:com.puppycrawl.tools.checkstyle.checks.sizes.MethodCountCheckTest]/[method:testPartialTokens()]
MethodCountCheck.java,com.puppycrawl.tools.checkstyle.checks.sizes.MethodCountCheck,org.pitest.mutationtest.engine.gregor.mutators.VoidMethodCallMutator,visitToken,247,KILLED,com.puppycrawl.tools.checkstyle.checks.sizes.MethodCountCheckTest.[engine:junit-jupiter]/[class:com.puppycrawl.tools.checkstyle.checks.sizes.MethodCountCheckTest]/[method:testInterfaceMemberScopeIsPublic()]
MethodCountCheck.java,com.puppycrawl.tools.checkstyle.checks.sizes.MethodCountCheck,org.pitest.mutationtest.engine.gregor.mutators.VoidMethodCallMutator,visitToken,251,KILLED,com.puppycrawl.tools.checkstyle.checks.sizes.MethodCountCheckTest.[engine:junit-jupiter]/[class:com.puppycrawl.tools.checkstyle.checks.sizes.MethodCountCheckTest]/[method:testOnInterfaceDefinitionWithField()]
MethodLengthCheck.java,com.puppycrawl.tools.checkstyle.checks.sizes.MethodLengthCheck,org.pitest.mutationtest.engine.gregor.mutators.ConstructorCallMutator,countUsedLines,272,KILLED,com.puppycrawl.tools.checkstyle.checks.sizes.MethodLengthCheckTest.[engine:junit-jupiter]/[class:com.puppycrawl.tools.checkstyle.checks.sizes.MethodLengthCheckTest]/[method:testCountEmpty()]
MethodLengthCheck.java,com.puppycrawl.tools.checkstyle.checks.sizes.MethodLengthCheck,org.pitest.mutationtest.engine.gregor.mutators.ConstructorCallMutator,countUsedLines,274,KILLED,com.puppycrawl.tools.checkstyle.checks.sizes.MethodLengthCheckTest.[engine:junit-jupiter]/[class:com.puppycrawl.tools.checkstyle.checks.sizes.MethodLengthCheckTest]/[method:testCountEmpty()]
MethodLengthCheck.java,com.puppycrawl.tools.checkstyle.checks.sizes.MethodLengthCheck,org.pitest.mutationtest.engine.gregor.mutators.MathMutator,countUsedLines,278,SURVIVED,none
MethodLengthCheck.java,com.puppycrawl.tools.checkstyle.checks.sizes.MethodLengthCheck,org.pitest.mutationtest.engine.gregor.mutators.MathMutator,countUsedLines,282,NO_COVERAGE,none
MethodLengthCheck.java,com.puppycrawl.tools.checkstyle.checks.sizes.MethodLengthCheck,org.pitest.mutationtest.engine.gregor.mutators.MathMutator,countUsedLines,283,NO_COVERAGE,none
MethodLengthCheck.java,com.puppycrawl.tools.checkstyle.checks.sizes.MethodLengthCheck,org.pitest.mutationtest.engine.gregor.mutators.NegateConditionalsMutator,countUsedLines,276,KILLED,com.puppycrawl.tools.checkstyle.checks.sizes.MethodLengthCheckTest.[engine:junit-jupiter]/[class:com.puppycrawl.tools.checkstyle.checks.sizes.MethodLengthCheckTest]/[method:testCountEmpty()]
MethodLengthCheck.java,com.puppycrawl.tools.checkstyle.checks.sizes.MethodLengthCheck,org.pitest.mutationtest.engine.gregor.mutators.NegateConditionalsMutator,countUsedLines,281,KILLED,com.puppycrawl.tools.checkstyle.checks.sizes.MethodLengthCheckTest.[engine:junit-jupiter]/[class:com.puppycrawl.tools.checkstyle.checks.sizes.MethodLengthCheckTest]/[method:testCountEmpty()]
MethodLengthCheck.java,com.puppycrawl.tools.checkstyle.checks.sizes.MethodLengthCheck,org.pitest.mutationtest.engine.gregor.mutators.RemoveConditionalMutator_EQUAL_ELSE,countUsedLines,276,KILLED,com.puppycrawl.tools.checkstyle.checks.sizes.MethodLengthCheckTest.[engine:junit-jupiter]/[class:com.puppycrawl.tools.checkstyle.checks.sizes.MethodLengthCheckTest]/[method:testCountEmpty()]
MethodLengthCheck.java,com.puppycrawl.tools.checkstyle.checks.sizes.MethodLengthCheck,org.pitest.mutationtest.engine.gregor.mutators.RemoveConditionalMutator_EQUAL_ELSE,countUsedLines,281,SURVIVED,none
MethodLengthCheck.java,com.puppycrawl.tools.checkstyle.checks.sizes.MethodLengthCheck,org.pitest.mutationtest.engine.gregor.mutators.RemoveConditionalMutator_EQUAL_IF,countUsedLines,276,KILLED,com.puppycrawl.tools.checkstyle.checks.sizes.MethodLengthCheckTest.[engine:junit-jupiter]/[class:com.puppycrawl.tools.checkstyle.checks.sizes.MethodLengthCheckTest]/[method:testCountEmpty()]
MethodLengthCheck.java,com.puppycrawl.tools.checkstyle.checks.sizes.MethodLengthCheck,org.pitest.mutationtest.engine.gregor.mutators.RemoveConditionalMutator_EQUAL_IF,countUsedLines,281,KILLED,com.puppycrawl.tools.checkstyle.checks.sizes.MethodLengthCheckTest.[engine:junit-jupiter]/[class:com.puppycrawl.tools.checkstyle.checks.sizes.MethodLengthCheckTest]/[method:testCountEmpty()]
MethodLengthCheck.java,com.puppycrawl.tools.checkstyle.checks.sizes.MethodLengthCheck,org.pitest.mutationtest.engine.gregor.mutators.ReturnValsMutator,countUsedLines,292,KILLED,com.puppycrawl.tools.checkstyle.checks.sizes.MethodLengthCheckTest.[engine:junit-jupiter]/[class:com.puppycrawl.tools.checkstyle.checks.sizes.MethodLengthCheckTest]/[method:testCountEmpty()]
MethodLengthCheck.java,com.puppycrawl.tools.checkstyle.checks.sizes.MethodLengthCheck,org.pitest.mutationtest.engine.gregor.mutators.VoidMethodCallMutator,countUsedLines,283,NO_COVERAGE,none
MethodLengthCheck.java,com.puppycrawl.tools.checkstyle.checks.sizes.MethodLengthCheck,org.pitest.mutationtest.engine.gregor.mutators.VoidMethodCallMutator,countUsedLines,286,KILLED,com.puppycrawl.tools.checkstyle.checks.sizes.MethodLengthCheckTest.[engine:junit-jupiter]/[class:com.puppycrawl.tools.checkstyle.checks.sizes.MethodLengthCheckTest]/[method:testCountEmpty()]
MethodLengthCheck.java,com.puppycrawl.tools.checkstyle.checks.sizes.MethodLengthCheck,org.pitest.mutationtest.engine.gregor.mutators.VoidMethodCallMutator,countUsedLines,289,KILLED,com.puppycrawl.tools.checkstyle.checks.sizes.MethodLengthCheckTest.[engine:junit-jupiter]/[class:com.puppycrawl.tools.checkstyle.checks.sizes.MethodLengthCheckTest]/[method:testCountEmpty()]
MethodLengthCheck.java,com.puppycrawl.tools.checkstyle.checks.sizes.MethodLengthCheck,org.pitest.mutationtest.engine.gregor.mutators.ReturnValsMutator,getAcceptableTokens,221,KILLED,com.puppycrawl.tools.checkstyle.checks.sizes.MethodLengthCheckTest.[engine:junit-jupiter]/[class:com.puppycrawl.tools.checkstyle.checks.sizes.MethodLengthCheckTest]/[method:testGetAcceptableTokens()]
MethodLengthCheck.java,com.puppycrawl.tools.checkstyle.checks.sizes.MethodLengthCheck,org.pitest.mutationtest.engine.gregor.mutators.ReturnValsMutator,getDefaultTokens,216,KILLED,com.puppycrawl.tools.checkstyle.checks.sizes.MethodLengthCheckTest.[engine:junit-jupiter]/[class:com.puppycrawl.tools.checkstyle.checks.sizes.MethodLengthCheckTest]/[method:testCountEmpty()]
MethodLengthCheck.java,com.puppycrawl.tools.checkstyle.checks.sizes.MethodLengthCheck,org.pitest.mutationtest.engine.gregor.mutators.MathMutator,getLengthOfBlock,262,KILLED,com.puppycrawl.tools.checkstyle.checks.sizes.MethodLengthCheckTest.[engine:junit-jupiter]/[class:com.puppycrawl.tools.checkstyle.checks.sizes.MethodLengthCheckTest]/[method:testIt()]
MethodLengthCheck.java,com.puppycrawl.tools.checkstyle.checks.sizes.MethodLengthCheck,org.pitest.mutationtest.engine.gregor.mutators.MathMutator,getLengthOfBlock,262,KILLED,com.puppycrawl.tools.checkstyle.checks.sizes.MethodLengthCheckTest.[engine:junit-jupiter]/[class:com.puppycrawl.tools.checkstyle.checks.sizes.MethodLengthCheckTest]/[method:testIt()]
MethodLengthCheck.java,com.puppycrawl.tools.checkstyle.checks.sizes.MethodLengthCheck,org.pitest.mutationtest.engine.gregor.mutators.ReturnValsMutator,getLengthOfBlock,262,KILLED,com.puppycrawl.tools.checkstyle.checks.sizes.MethodLengthCheckTest.[engine:junit-jupiter]/[class:com.puppycrawl.tools.checkstyle.checks.sizes.MethodLengthCheckTest]/[method:testIt()]
MethodLengthCheck.java,com.puppycrawl.tools.checkstyle.checks.sizes.MethodLengthCheck,org.pitest.mutationtest.engine.gregor.mutators.ReturnValsMutator,getRequiredTokens,230,KILLED,com.puppycrawl.tools.checkstyle.checks.sizes.MethodLengthCheckTest.[engine:junit-jupiter]/[class:com.puppycrawl.tools.checkstyle.checks.sizes.MethodLengthCheckTest]/[method:testGetRequiredTokens()]
MethodLengthCheck.java,com.puppycrawl.tools.checkstyle.checks.sizes.MethodLengthCheck,org.pitest.mutationtest.engine.gregor.mutators.ConditionalsBoundaryMutator,visitToken,245,KILLED,com.puppycrawl.tools.checkstyle.checks.sizes.MethodLengthCheckTest.[engine:junit-jupiter]/[class:com.puppycrawl.tools.checkstyle.checks.sizes.MethodLengthCheckTest]/[method:testCountEmpty()]
MethodLengthCheck.java,com.puppycrawl.tools.checkstyle.checks.sizes.MethodLengthCheck,org.pitest.mutationtest.engine.gregor.mutators.NegateConditionalsMutator,visitToken,236,KILLED,com.puppycrawl.tools.checkstyle.checks.sizes.MethodLengthCheckTest.[engine:junit-jupiter]/[class:com.puppycrawl.tools.checkstyle.checks.sizes.MethodLengthCheckTest]/[method:testCountEmpty()]
MethodLengthCheck.java,com.puppycrawl.tools.checkstyle.checks.sizes.MethodLengthCheck,org.pitest.mutationtest.engine.gregor.mutators.NegateConditionalsMutator,visitToken,238,KILLED,com.puppycrawl.tools.checkstyle.checks.sizes.MethodLengthCheckTest.[engine:junit-jupiter]/[class:com.puppycrawl.tools.checkstyle.checks.sizes.MethodLengthCheckTest]/[method:testCountEmpty()]
MethodLengthCheck.java,com.puppycrawl.tools.checkstyle.checks.sizes.MethodLengthCheck,org.pitest.mutationtest.engine.gregor.mutators.NegateConditionalsMutator,visitToken,245,KILLED,com.puppycrawl.tools.checkstyle.checks.sizes.MethodLengthCheckTest.[engine:junit-jupiter]/[class:com.puppycrawl.tools.checkstyle.checks.sizes.MethodLengthCheckTest]/[method:testCountEmpty()]
MethodLengthCheck.java,com.puppycrawl.tools.checkstyle.checks.sizes.MethodLengthCheck,org.pitest.mutationtest.engine.gregor.mutators.RemoveConditionalMutator_EQUAL_ELSE,visitToken,236,KILLED,com.puppycrawl.tools.checkstyle.checks.sizes.MethodLengthCheckTest.[engine:junit-jupiter]/[class:com.puppycrawl.tools.checkstyle.checks.sizes.MethodLengthCheckTest]/[method:testCountEmpty()]
MethodLengthCheck.java,com.puppycrawl.tools.checkstyle.checks.sizes.MethodLengthCheck,org.pitest.mutationtest.engine.gregor.mutators.RemoveConditionalMutator_EQUAL_ELSE,visitToken,238,KILLED,com.puppycrawl.tools.checkstyle.checks.sizes.MethodLengthCheckTest.[engine:junit-jupiter]/[class:com.puppycrawl.tools.checkstyle.checks.sizes.MethodLengthCheckTest]/[method:testIt()]
MethodLengthCheck.java,com.puppycrawl.tools.checkstyle.checks.sizes.MethodLengthCheck,org.pitest.mutationtest.engine.gregor.mutators.RemoveConditionalMutator_EQUAL_IF,visitToken,236,SURVIVED,none
MethodLengthCheck.java,com.puppycrawl.tools.checkstyle.checks.sizes.MethodLengthCheck,org.pitest.mutationtest.engine.gregor.mutators.RemoveConditionalMutator_EQUAL_IF,visitToken,238,KILLED,com.puppycrawl.tools.checkstyle.checks.sizes.MethodLengthCheckTest.[engine:junit-jupiter]/[class:com.puppycrawl.tools.checkstyle.checks.sizes.MethodLengthCheckTest]/[method:testCountEmpty()]
MethodLengthCheck.java,com.puppycrawl.tools.checkstyle.checks.sizes.MethodLengthCheck,org.pitest.mutationtest.engine.gregor.mutators.RemoveConditionalMutator_ORDER_ELSE,visitToken,245,KILLED,com.puppycrawl.tools.checkstyle.checks.sizes.MethodLengthCheckTest.[engine:junit-jupiter]/[class:com.puppycrawl.tools.checkstyle.checks.sizes.MethodLengthCheckTest]/[method:testCountEmpty()]
MethodLengthCheck.java,com.puppycrawl.tools.checkstyle.checks.sizes.MethodLengthCheck,org.pitest.mutationtest.engine.gregor.mutators.RemoveConditionalMutator_ORDER_IF,visitToken,245,KILLED,com.puppycrawl.tools.checkstyle.checks.sizes.MethodLengthCheckTest.[engine:junit-jupiter]/[class:com.puppycrawl.tools.checkstyle.checks.sizes.MethodLengthCheckTest]/[method:testCountEmpty()]
MethodLengthCheck.java,com.puppycrawl.tools.checkstyle.checks.sizes.MethodLengthCheck,org.pitest.mutationtest.engine.gregor.mutators.VoidMethodCallMutator,visitToken,247,KILLED,com.puppycrawl.tools.checkstyle.checks.sizes.MethodLengthCheckTest.[engine:junit-jupiter]/[class:com.puppycrawl.tools.checkstyle.checks.sizes.MethodLengthCheckTest]/[method:testCountEmpty()]
LambdaBodyLengthCheck.java,com.puppycrawl.tools.checkstyle.checks.sizes.LambdaBodyLengthCheck,org.pitest.mutationtest.engine.gregor.mutators.ReturnValsMutator,getAcceptableTokens,172,KILLED,com.puppycrawl.tools.checkstyle.checks.sizes.LambdaBodyLengthCheckTest.[engine:junit-jupiter]/[class:com.puppycrawl.tools.checkstyle.checks.sizes.LambdaBodyLengthCheckTest]/[method:testGetAcceptableTokens()]
LambdaBodyLengthCheck.java,com.puppycrawl.tools.checkstyle.checks.sizes.LambdaBodyLengthCheck,org.pitest.mutationtest.engine.gregor.mutators.ReturnValsMutator,getDefaultTokens,167,KILLED,com.puppycrawl.tools.checkstyle.checks.sizes.LambdaBodyLengthCheckTest.[engine:junit-jupiter]/[class:com.puppycrawl.tools.checkstyle.checks.sizes.LambdaBodyLengthCheckTest]/[method:testDefaultSwitchExpressions()]
LambdaBodyLengthCheck.java,com.puppycrawl.tools.checkstyle.checks.sizes.LambdaBodyLengthCheck,org.pitest.mutationtest.engine.gregor.mutators.NegateConditionalsMutator,getFirstNodeLineNumber,236,KILLED,com.puppycrawl.tools.checkstyle.checks.sizes.LambdaBodyLengthCheckTest.[engine:junit-jupiter]/[class:com.puppycrawl.tools.checkstyle.checks.sizes.LambdaBodyLengthCheckTest]/[method:testMaxLimitIsDifferent()]
LambdaBodyLengthCheck.java,com.puppycrawl.tools.checkstyle.checks.sizes.LambdaBodyLengthCheck,org.pitest.mutationtest.engine.gregor.mutators.RemoveConditionalMutator_EQUAL_ELSE,getFirstNodeLineNumber,236,KILLED,com.puppycrawl.tools.checkstyle.checks.sizes.LambdaBodyLengthCheckTest.[engine:junit-jupiter]/[class:com.puppycrawl.tools.checkstyle.checks.sizes.LambdaBodyLengthCheckTest]/[method:testDefaultSwitchExpressions()]
LambdaBodyLengthCheck.java,com.puppycrawl.tools.checkstyle.checks.sizes.LambdaBodyLengthCheck,org.pitest.mutationtest.engine.gregor.mutators.RemoveConditionalMutator_EQUAL_IF,getFirstNodeLineNumber,236,KILLED,com.puppycrawl.tools.checkstyle.checks.sizes.LambdaBodyLengthCheckTest.[engine:junit-jupiter]/[class:com.puppycrawl.tools.checkstyle.checks.sizes.LambdaBodyLengthCheckTest]/[method:testMaxLimitIsDifferent()]
LambdaBodyLengthCheck.java,com.puppycrawl.tools.checkstyle.checks.sizes.LambdaBodyLengthCheck,org.pitest.mutationtest.engine.gregor.mutators.ReturnValsMutator,getFirstNodeLineNumber,237,KILLED,com.puppycrawl.tools.checkstyle.checks.sizes.LambdaBodyLengthCheckTest.[engine:junit-jupiter]/[class:com.puppycrawl.tools.checkstyle.checks.sizes.LambdaBodyLengthCheckTest]/[method:testDefaultSwitchExpressions()]
LambdaBodyLengthCheck.java,com.puppycrawl.tools.checkstyle.checks.sizes.LambdaBodyLengthCheck,org.pitest.mutationtest.engine.gregor.mutators.NegateConditionalsMutator,getLastNodeLineNumber,220,KILLED,com.puppycrawl.tools.checkstyle.checks.sizes.LambdaBodyLengthCheckTest.[engine:junit-jupiter]/[class:com.puppycrawl.tools.checkstyle.checks.sizes.LambdaBodyLengthCheckTest]/[method:testMaxLimitIsDifferent()]
LambdaBodyLengthCheck.java,com.puppycrawl.tools.checkstyle.checks.sizes.LambdaBodyLengthCheck,org.pitest.mutationtest.engine.gregor.mutators.RemoveConditionalMutator_EQUAL_ELSE,getLastNodeLineNumber,220,KILLED,com.puppycrawl.tools.checkstyle.checks.sizes.LambdaBodyLengthCheckTest.[engine:junit-jupiter]/[class:com.puppycrawl.tools.checkstyle.checks.sizes.LambdaBodyLengthCheckTest]/[method:testDefaultSwitchExpressions()]
LambdaBodyLengthCheck.java,com.puppycrawl.tools.checkstyle.checks.sizes.LambdaBodyLengthCheck,org.pitest.mutationtest.engine.gregor.mutators.RemoveConditionalMutator_EQUAL_IF,getLastNodeLineNumber,220,KILLED,com.puppycrawl.tools.checkstyle.checks.sizes.LambdaBodyLengthCheckTest.[engine:junit-jupiter]/[class:com.puppycrawl.tools.checkstyle.checks.sizes.LambdaBodyLengthCheckTest]/[method:testMaxLimitIsDifferent()]
LambdaBodyLengthCheck.java,com.puppycrawl.tools.checkstyle.checks.sizes.LambdaBodyLengthCheck,org.pitest.mutationtest.engine.gregor.mutators.ReturnValsMutator,getLastNodeLineNumber,221,KILLED,com.puppycrawl.tools.checkstyle.checks.sizes.LambdaBodyLengthCheckTest.[engine:junit-jupiter]/[class:com.puppycrawl.tools.checkstyle.checks.sizes.LambdaBodyLengthCheckTest]/[method:testMaxLimitIsDifferent()]
LambdaBodyLengthCheck.java,com.puppycrawl.tools.checkstyle.checks.sizes.LambdaBodyLengthCheck,org.pitest.mutationtest.engine.gregor.mutators.MathMutator,getLength,200,KILLED,com.puppycrawl.tools.checkstyle.checks.sizes.LambdaBodyLengthCheckTest.[engine:junit-jupiter]/[class:com.puppycrawl.tools.checkstyle.checks.sizes.LambdaBodyLengthCheckTest]/[method:testMaxLimitIsDifferent()]
LambdaBodyLengthCheck.java,com.puppycrawl.tools.checkstyle.checks.sizes.LambdaBodyLengthCheck,org.pitest.mutationtest.engine.gregor.mutators.MathMutator,getLength,203,KILLED,com.puppycrawl.tools.checkstyle.checks.sizes.LambdaBodyLengthCheckTest.[engine:junit-jupiter]/[class:com.puppycrawl.tools.checkstyle.checks.sizes.LambdaBodyLengthCheckTest]/[method:testDefaultSwitchExpressions()]
LambdaBodyLengthCheck.java,com.puppycrawl.tools.checkstyle.checks.sizes.LambdaBodyLengthCheck,org.pitest.mutationtest.engine.gregor.mutators.MathMutator,getLength,205,KILLED,com.puppycrawl.tools.checkstyle.checks.sizes.LambdaBodyLengthCheckTest.[engine:junit-jupiter]/[class:com.puppycrawl.tools.checkstyle.checks.sizes.LambdaBodyLengthCheckTest]/[method:testMaxLimitIsDifferent()]
LambdaBodyLengthCheck.java,com.puppycrawl.tools.checkstyle.checks.sizes.LambdaBodyLengthCheck,org.pitest.mutationtest.engine.gregor.mutators.NegateConditionalsMutator,getLength,199,KILLED,com.puppycrawl.tools.checkstyle.checks.sizes.LambdaBodyLengthCheckTest.[engine:junit-jupiter]/[class:com.puppycrawl.tools.checkstyle.checks.sizes.LambdaBodyLengthCheckTest]/[method:testMaxLimitIsDifferent()]
LambdaBodyLengthCheck.java,com.puppycrawl.tools.checkstyle.checks.sizes.LambdaBodyLengthCheck,org.pitest.mutationtest.engine.gregor.mutators.RemoveConditionalMutator_EQUAL_ELSE,getLength,199,KILLED,com.puppycrawl.tools.checkstyle.checks.sizes.LambdaBodyLengthCheckTest.[engine:junit-jupiter]/[class:com.puppycrawl.tools.checkstyle.checks.sizes.LambdaBodyLengthCheckTest]/[method:testMaxLimitIsDifferent()]
LambdaBodyLengthCheck.java,com.puppycrawl.tools.checkstyle.checks.sizes.LambdaBodyLengthCheck,org.pitest.mutationtest.engine.gregor.mutators.RemoveConditionalMutator_EQUAL_IF,getLength,199,KILLED,com.puppycrawl.tools.checkstyle.checks.sizes.LambdaBodyLengthCheckTest.[engine:junit-jupiter]/[class:com.puppycrawl.tools.checkstyle.checks.sizes.LambdaBodyLengthCheckTest]/[method:testMaxLimitIsDifferent()]
LambdaBodyLengthCheck.java,com.puppycrawl.tools.checkstyle.checks.sizes.LambdaBodyLengthCheck,org.pitest.mutationtest.engine.gregor.mutators.ReturnValsMutator,getLength,205,KILLED,com.puppycrawl.tools.checkstyle.checks.sizes.LambdaBodyLengthCheckTest.[engine:junit-jupiter]/[class:com.puppycrawl.tools.checkstyle.checks.sizes.LambdaBodyLengthCheckTest]/[method:testMaxLimitIsDifferent()]
LambdaBodyLengthCheck.java,com.puppycrawl.tools.checkstyle.checks.sizes.LambdaBodyLengthCheck,org.pitest.mutationtest.engine.gregor.mutators.ReturnValsMutator,getRequiredTokens,177,KILLED,com.puppycrawl.tools.checkstyle.checks.sizes.LambdaBodyLengthCheckTest.[engine:junit-jupiter]/[class:com.puppycrawl.tools.checkstyle.checks.sizes.LambdaBodyLengthCheckTest]/[method:testGetAcceptableTokens()]
LambdaBodyLengthCheck.java,com.puppycrawl.tools.checkstyle.checks.sizes.LambdaBodyLengthCheck,org.pitest.mutationtest.engine.gregor.mutators.ConditionalsBoundaryMutator,visitToken,184,KILLED,com.puppycrawl.tools.checkstyle.checks.sizes.LambdaBodyLengthCheckTest.[engine:junit-jupiter]/[class:com.puppycrawl.tools.checkstyle.checks.sizes.LambdaBodyLengthCheckTest]/[method:testMaxLimitIsDifferent()]
LambdaBodyLengthCheck.java,com.puppycrawl.tools.checkstyle.checks.sizes.LambdaBodyLengthCheck,org.pitest.mutationtest.engine.gregor.mutators.NegateConditionalsMutator,visitToken,182,KILLED,com.puppycrawl.tools.checkstyle.checks.sizes.LambdaBodyLengthCheckTest.[engine:junit-jupiter]/[class:com.puppycrawl.tools.checkstyle.checks.sizes.LambdaBodyLengthCheckTest]/[method:testDefaultSwitchExpressions()]
LambdaBodyLengthCheck.java,com.puppycrawl.tools.checkstyle.checks.sizes.LambdaBodyLengthCheck,org.pitest.mutationtest.engine.gregor.mutators.NegateConditionalsMutator,visitToken,184,KILLED,com.puppycrawl.tools.checkstyle.checks.sizes.LambdaBodyLengthCheckTest.[engine:junit-jupiter]/[class:com.puppycrawl.tools.checkstyle.checks.sizes.LambdaBodyLengthCheckTest]/[method:testDefaultSwitchExpressions()]
LambdaBodyLengthCheck.java,com.puppycrawl.tools.checkstyle.checks.sizes.LambdaBodyLengthCheck,org.pitest.mutationtest.engine.gregor.mutators.RemoveConditionalMutator_EQUAL_ELSE,visitToken,182,KILLED,com.puppycrawl.tools.checkstyle.checks.sizes.LambdaBodyLengthCheckTest.[engine:junit-jupiter]/[class:com.puppycrawl.tools.checkstyle.checks.sizes.LambdaBodyLengthCheckTest]/[method:testMaxLimitIsDifferent()]
LambdaBodyLengthCheck.java,com.puppycrawl.tools.checkstyle.checks.sizes.LambdaBodyLengthCheck,org.pitest.mutationtest.engine.gregor.mutators.RemoveConditionalMutator_EQUAL_IF,visitToken,182,KILLED,com.puppycrawl.tools.checkstyle.checks.sizes.LambdaBodyLengthCheckTest.[engine:junit-jupiter]/[class:com.puppycrawl.tools.checkstyle.checks.sizes.LambdaBodyLengthCheckTest]/[method:testDefaultSwitchExpressions()]
LambdaBodyLengthCheck.java,com.puppycrawl.tools.checkstyle.checks.sizes.LambdaBodyLengthCheck,org.pitest.mutationtest.engine.gregor.mutators.RemoveConditionalMutator_ORDER_ELSE,visitToken,184,KILLED,com.puppycrawl.tools.checkstyle.checks.sizes.LambdaBodyLengthCheckTest.[engine:junit-jupiter]/[class:com.puppycrawl.tools.checkstyle.checks.sizes.LambdaBodyLengthCheckTest]/[method:testMaxLimitIsDifferent()]
LambdaBodyLengthCheck.java,com.puppycrawl.tools.checkstyle.checks.sizes.LambdaBodyLengthCheck,org.pitest.mutationtest.engine.gregor.mutators.RemoveConditionalMutator_ORDER_IF,visitToken,184,KILLED,com.puppycrawl.tools.checkstyle.checks.sizes.LambdaBodyLengthCheckTest.[engine:junit-jupiter]/[class:com.puppycrawl.tools.checkstyle.checks.sizes.LambdaBodyLengthCheckTest]/[method:testDefaultSwitchExpressions()]
LambdaBodyLengthCheck.java,com.puppycrawl.tools.checkstyle.checks.sizes.LambdaBodyLengthCheck,org.pitest.mutationtest.engine.gregor.mutators.VoidMethodCallMutator,visitToken,185,KILLED,com.puppycrawl.tools.checkstyle.checks.sizes.LambdaBodyLengthCheckTest.[engine:junit-jupiter]/[class:com.puppycrawl.tools.checkstyle.checks.sizes.LambdaBodyLengthCheckTest]/[method:testMaxLimitIsDifferent()]
RecordComponentNumberCheck.java,com.puppycrawl.tools.checkstyle.checks.sizes.RecordComponentNumberCheck,org.pitest.mutationtest.engine.gregor.mutators.ConstructorCallMutator,countComponents,222,KILLED,com.puppycrawl.tools.checkstyle.checks.sizes.RecordComponentNumberCheckTest.[engine:junit-jupiter]/[class:com.puppycrawl.tools.checkstyle.checks.sizes.RecordComponentNumberCheckTest]/[method:testRecordComponentNumberTopLevel2()]
RecordComponentNumberCheck.java,com.puppycrawl.tools.checkstyle.checks.sizes.RecordComponentNumberCheck,org.pitest.mutationtest.engine.gregor.mutators.ReturnValsMutator,countComponents,226,KILLED,com.puppycrawl.tools.checkstyle.checks.sizes.RecordComponentNumberCheckTest.[engine:junit-jupiter]/[class:com.puppycrawl.tools.checkstyle.checks.sizes.RecordComponentNumberCheckTest]/[method:testRecordComponentNumberTopLevel1()]
RecordComponentNumberCheck.java,com.puppycrawl.tools.checkstyle.checks.sizes.RecordComponentNumberCheck,org.pitest.mutationtest.engine.gregor.mutators.VoidMethodCallMutator,countComponents,223,KILLED,com.puppycrawl.tools.checkstyle.checks.sizes.RecordComponentNumberCheckTest.[engine:junit-jupiter]/[class:com.puppycrawl.tools.checkstyle.checks.sizes.RecordComponentNumberCheckTest]/[method:testRecordComponentNumberTopLevel1()]
RecordComponentNumberCheck.java,com.puppycrawl.tools.checkstyle.checks.sizes.RecordComponentNumberCheck,org.pitest.mutationtest.engine.gregor.mutators.ReturnValsMutator,getAcceptableTokens,189,KILLED,com.puppycrawl.tools.checkstyle.checks.sizes.RecordComponentNumberCheckTest.[engine:junit-jupiter]/[class:com.puppycrawl.tools.checkstyle.checks.sizes.RecordComponentNumberCheckTest]/[method:testGetRequiredTokens()]
RecordComponentNumberCheck.java,com.puppycrawl.tools.checkstyle.checks.sizes.RecordComponentNumberCheck,org.pitest.mutationtest.engine.gregor.mutators.ReturnValsMutator,getDefaultTokens,184,KILLED,com.puppycrawl.tools.checkstyle.checks.sizes.RecordComponentNumberCheckTest.[engine:junit-jupiter]/[class:com.puppycrawl.tools.checkstyle.checks.sizes.RecordComponentNumberCheckTest]/[method:testRecordComponentNumberTopLevel2()]
RecordComponentNumberCheck.java,com.puppycrawl.tools.checkstyle.checks.sizes.RecordComponentNumberCheck,org.pitest.mutationtest.engine.gregor.mutators.ReturnValsMutator,getRequiredTokens,196,KILLED,com.puppycrawl.tools.checkstyle.checks.sizes.RecordComponentNumberCheckTest.[engine:junit-jupiter]/[class:com.puppycrawl.tools.checkstyle.checks.sizes.RecordComponentNumberCheckTest]/[method:testGetRequiredTokens()]
RecordComponentNumberCheck.java,com.puppycrawl.tools.checkstyle.checks.sizes.RecordComponentNumberCheck,org.pitest.mutationtest.engine.gregor.mutators.NegateConditionalsMutator,lambda$matchAccessModifiers$1,237,KILLED,com.puppycrawl.tools.checkstyle.checks.sizes.RecordComponentNumberCheckTest.[engine:junit-jupiter]/[class:com.puppycrawl.tools.checkstyle.checks.sizes.RecordComponentNumberCheckTest]/[method:testRecordComponentNumberPrivateModifier()]
RecordComponentNumberCheck.java,com.puppycrawl.tools.checkstyle.checks.sizes.RecordComponentNumberCheck,org.pitest.mutationtest.engine.gregor.mutators.RemoveConditionalMutator_EQUAL_ELSE,lambda$matchAccessModifiers$1,237,KILLED,com.puppycrawl.tools.checkstyle.checks.sizes.RecordComponentNumberCheckTest.[engine:junit-jupiter]/[class:com.puppycrawl.tools.checkstyle.checks.sizes.RecordComponentNumberCheckTest]/[method:testRecordComponentNumberTopLevel1()]
RecordComponentNumberCheck.java,com.puppycrawl.tools.checkstyle.checks.sizes.RecordComponentNumberCheck,org.pitest.mutationtest.engine.gregor.mutators.RemoveConditionalMutator_EQUAL_IF,lambda$matchAccessModifiers$1,237,KILLED,com.puppycrawl.tools.checkstyle.checks.sizes.RecordComponentNumberCheckTest.[engine:junit-jupiter]/[class:com.puppycrawl.tools.checkstyle.checks.sizes.RecordComponentNumberCheckTest]/[method:testRecordComponentNumberPrivateModifier()]
RecordComponentNumberCheck.java,com.puppycrawl.tools.checkstyle.checks.sizes.RecordComponentNumberCheck,org.pitest.mutationtest.engine.gregor.mutators.ReturnValsMutator,lambda$matchAccessModifiers$1,237,KILLED,com.puppycrawl.tools.checkstyle.checks.sizes.RecordComponentNumberCheckTest.[engine:junit-jupiter]/[class:com.puppycrawl.tools.checkstyle.checks.sizes.RecordComponentNumberCheckTest]/[method:testRecordComponentNumberPrivateModifier()]
RecordComponentNumberCheck.java,com.puppycrawl.tools.checkstyle.checks.sizes.RecordComponentNumberCheck,org.pitest.mutationtest.engine.gregor.mutators.returns.BooleanTrueReturnValsMutator,lambda$matchAccessModifiers$1,237,KILLED,com.puppycrawl.tools.checkstyle.checks.sizes.RecordComponentNumberCheckTest.[engine:junit-jupiter]/[class:com.puppycrawl.tools.checkstyle.checks.sizes.RecordComponentNumberCheckTest]/[method:testRecordComponentNumberPrivateModifier()]
RecordComponentNumberCheck.java,com.puppycrawl.tools.checkstyle.checks.sizes.RecordComponentNumberCheck,org.pitest.mutationtest.engine.gregor.mutators.ReturnValsMutator,matchAccessModifiers,236,KILLED,com.puppycrawl.tools.checkstyle.checks.sizes.RecordComponentNumberCheckTest.[engine:junit-jupiter]/[class:com.puppycrawl.tools.checkstyle.checks.sizes.RecordComponentNumberCheckTest]/[method:testRecordComponentNumberTopLevel1()]
RecordComponentNumberCheck.java,com.puppycrawl.tools.checkstyle.checks.sizes.RecordComponentNumberCheck,org.pitest.mutationtest.engine.gregor.mutators.returns.BooleanFalseReturnValsMutator,matchAccessModifiers,236,KILLED,com.puppycrawl.tools.checkstyle.checks.sizes.RecordComponentNumberCheckTest.[engine:junit-jupiter]/[class:com.puppycrawl.tools.checkstyle.checks.sizes.RecordComponentNumberCheckTest]/[method:testRecordComponentNumberTopLevel1()]
RecordComponentNumberCheck.java,com.puppycrawl.tools.checkstyle.checks.sizes.RecordComponentNumberCheck,org.pitest.mutationtest.engine.gregor.mutators.returns.BooleanTrueReturnValsMutator,matchAccessModifiers,236,KILLED,com.puppycrawl.tools.checkstyle.checks.sizes.RecordComponentNumberCheckTest.[engine:junit-jupiter]/[class:com.puppycrawl.tools.checkstyle.checks.sizes.RecordComponentNumberCheckTest]/[method:testRecordComponentNumberPrivateModifier()]
RecordComponentNumberCheck.java,com.puppycrawl.tools.checkstyle.checks.sizes.RecordComponentNumberCheck,org.pitest.mutationtest.engine.gregor.mutators.ConditionalsBoundaryMutator,visitToken,209,KILLED,com.puppycrawl.tools.checkstyle.checks.sizes.RecordComponentNumberCheckTest.[engine:junit-jupiter]/[class:com.puppycrawl.tools.checkstyle.checks.sizes.RecordComponentNumberCheckTest]/[method:testRecordComponentNumberMax1()]
RecordComponentNumberCheck.java,com.puppycrawl.tools.checkstyle.checks.sizes.RecordComponentNumberCheck,org.pitest.mutationtest.engine.gregor.mutators.NegateConditionalsMutator,visitToken,204,KILLED,com.puppycrawl.tools.checkstyle.checks.sizes.RecordComponentNumberCheckTest.[engine:junit-jupiter]/[class:com.puppycrawl.tools.checkstyle.checks.sizes.RecordComponentNumberCheckTest]/[method:testRecordComponentNumberTopLevel1()]
RecordComponentNumberCheck.java,com.puppycrawl.tools.checkstyle.checks.sizes.RecordComponentNumberCheck,org.pitest.mutationtest.engine.gregor.mutators.NegateConditionalsMutator,visitToken,209,KILLED,com.puppycrawl.tools.checkstyle.checks.sizes.RecordComponentNumberCheckTest.[engine:junit-jupiter]/[class:com.puppycrawl.tools.checkstyle.checks.sizes.RecordComponentNumberCheckTest]/[method:testRecordComponentNumberTopLevel2()]
RecordComponentNumberCheck.java,com.puppycrawl.tools.checkstyle.checks.sizes.RecordComponentNumberCheck,org.pitest.mutationtest.engine.gregor.mutators.RemoveConditionalMutator_EQUAL_ELSE,visitToken,204,KILLED,com.puppycrawl.tools.checkstyle.checks.sizes.RecordComponentNumberCheckTest.[engine:junit-jupiter]/[class:com.puppycrawl.tools.checkstyle.checks.sizes.RecordComponentNumberCheckTest]/[method:testRecordComponentNumberTopLevel1()]
RecordComponentNumberCheck.java,com.puppycrawl.tools.checkstyle.checks.sizes.RecordComponentNumberCheck,org.pitest.mutationtest.engine.gregor.mutators.RemoveConditionalMutator_EQUAL_IF,visitToken,204,KILLED,com.puppycrawl.tools.checkstyle.checks.sizes.RecordComponentNumberCheckTest.[engine:junit-jupiter]/[class:com.puppycrawl.tools.checkstyle.checks.sizes.RecordComponentNumberCheckTest]/[method:testRecordComponentNumberPrivateModifier()]
RecordComponentNumberCheck.java,com.puppycrawl.tools.checkstyle.checks.sizes.RecordComponentNumberCheck,org.pitest.mutationtest.engine.gregor.mutators.RemoveConditionalMutator_ORDER_ELSE,visitToken,209,KILLED,com.puppycrawl.tools.checkstyle.checks.sizes.RecordComponentNumberCheckTest.[engine:junit-jupiter]/[class:com.puppycrawl.tools.checkstyle.checks.sizes.RecordComponentNumberCheckTest]/[method:testRecordComponentNumberTopLevel1()]
RecordComponentNumberCheck.java,com.puppycrawl.tools.checkstyle.checks.sizes.RecordComponentNumberCheck,org.pitest.mutationtest.engine.gregor.mutators.RemoveConditionalMutator_ORDER_IF,visitToken,209,KILLED,com.puppycrawl.tools.checkstyle.checks.sizes.RecordComponentNumberCheckTest.[engine:junit-jupiter]/[class:com.puppycrawl.tools.checkstyle.checks.sizes.RecordComponentNumberCheckTest]/[method:testRecordComponentNumberTopLevel2()]
RecordComponentNumberCheck.java,com.puppycrawl.tools.checkstyle.checks.sizes.RecordComponentNumberCheck,org.pitest.mutationtest.engine.gregor.mutators.VoidMethodCallMutator,visitToken,210,KILLED,com.puppycrawl.tools.checkstyle.checks.sizes.RecordComponentNumberCheckTest.[engine:junit-jupiter]/[class:com.puppycrawl.tools.checkstyle.checks.sizes.RecordComponentNumberCheckTest]/[method:testRecordComponentNumberTopLevel1()]
ParameterNumberCheck.java,com.puppycrawl.tools.checkstyle.checks.sizes.ParameterNumberCheck,org.pitest.mutationtest.engine.gregor.mutators.ReturnValsMutator,getAcceptableTokens,152,KILLED,com.puppycrawl.tools.checkstyle.checks.sizes.ParameterNumberCheckTest.[engine:junit-jupiter]/[class:com.puppycrawl.tools.checkstyle.checks.sizes.ParameterNumberCheckTest]/[method:testGetAcceptableTokens()]
ParameterNumberCheck.java,com.puppycrawl.tools.checkstyle.checks.sizes.ParameterNumberCheck,org.pitest.mutationtest.engine.gregor.mutators.ReturnValsMutator,getDefaultTokens,147,KILLED,com.puppycrawl.tools.checkstyle.checks.sizes.ParameterNumberCheckTest.[engine:junit-jupiter]/[class:com.puppycrawl.tools.checkstyle.checks.sizes.ParameterNumberCheckTest]/[method:testIgnoreOverriddenMethods()]
ParameterNumberCheck.java,com.puppycrawl.tools.checkstyle.checks.sizes.ParameterNumberCheck,org.pitest.mutationtest.engine.gregor.mutators.ReturnValsMutator,getRequiredTokens,157,KILLED,com.puppycrawl.tools.checkstyle.checks.sizes.ParameterNumberCheckTest.[engine:junit-jupiter]/[class:com.puppycrawl.tools.checkstyle.checks.sizes.ParameterNumberCheckTest]/[method:testGetRequiredTokens()]
ParameterNumberCheck.java,com.puppycrawl.tools.checkstyle.checks.sizes.ParameterNumberCheck,org.pitest.mutationtest.engine.gregor.mutators.NegateConditionalsMutator,shouldIgnoreNumberOfParameters,179,KILLED,com.puppycrawl.tools.checkstyle.checks.sizes.ParameterNumberCheckTest.[engine:junit-jupiter]/[class:com.puppycrawl.tools.checkstyle.checks.sizes.ParameterNumberCheckTest]/[method:testIgnoreOverriddenMethods()]
ParameterNumberCheck.java,com.puppycrawl.tools.checkstyle.checks.sizes.ParameterNumberCheck,org.pitest.mutationtest.engine.gregor.mutators.NegateConditionalsMutator,shouldIgnoreNumberOfParameters,180,KILLED,com.puppycrawl.tools.checkstyle.checks.sizes.ParameterNumberCheckTest.[engine:junit-jupiter]/[class:com.puppycrawl.tools.checkstyle.checks.sizes.ParameterNumberCheckTest]/[method:testIgnoreOverriddenMethods()]
ParameterNumberCheck.java,com.puppycrawl.tools.checkstyle.checks.sizes.ParameterNumberCheck,org.pitest.mutationtest.engine.gregor.mutators.RemoveConditionalMutator_EQUAL_ELSE,shouldIgnoreNumberOfParameters,179,KILLED,com.puppycrawl.tools.checkstyle.checks.sizes.ParameterNumberCheckTest.[engine:junit-jupiter]/[class:com.puppycrawl.tools.checkstyle.checks.sizes.ParameterNumberCheckTest]/[method:testIgnoreOverriddenMethods()]
ParameterNumberCheck.java,com.puppycrawl.tools.checkstyle.checks.sizes.ParameterNumberCheck,org.pitest.mutationtest.engine.gregor.mutators.RemoveConditionalMutator_EQUAL_ELSE,shouldIgnoreNumberOfParameters,180,KILLED,com.puppycrawl.tools.checkstyle.checks.sizes.ParameterNumberCheckTest.[engine:junit-jupiter]/[class:com.puppycrawl.tools.checkstyle.checks.sizes.ParameterNumberCheckTest]/[method:testIgnoreOverriddenMethods()]
ParameterNumberCheck.java,com.puppycrawl.tools.checkstyle.checks.sizes.ParameterNumberCheck,org.pitest.mutationtest.engine.gregor.mutators.RemoveConditionalMutator_EQUAL_IF,shouldIgnoreNumberOfParameters,179,KILLED,com.puppycrawl.tools.checkstyle.checks.sizes.ParameterNumberCheckTest.[engine:junit-jupiter]/[class:com.puppycrawl.tools.checkstyle.checks.sizes.ParameterNumberCheckTest]/[method:testIgnoreOverriddenMethodsFalse()]
ParameterNumberCheck.java,com.puppycrawl.tools.checkstyle.checks.sizes.ParameterNumberCheck,org.pitest.mutationtest.engine.gregor.mutators.RemoveConditionalMutator_EQUAL_IF,shouldIgnoreNumberOfParameters,180,KILLED,com.puppycrawl.tools.checkstyle.checks.sizes.ParameterNumberCheckTest.[engine:junit-jupiter]/[class:com.puppycrawl.tools.checkstyle.checks.sizes.ParameterNumberCheckTest]/[method:testIgnoreOverriddenMethods()]
ParameterNumberCheck.java,com.puppycrawl.tools.checkstyle.checks.sizes.ParameterNumberCheck,org.pitest.mutationtest.engine.gregor.mutators.ReturnValsMutator,shouldIgnoreNumberOfParameters,179,KILLED,com.puppycrawl.tools.checkstyle.checks.sizes.ParameterNumberCheckTest.[engine:junit-jupiter]/[class:com.puppycrawl.tools.checkstyle.checks.sizes.ParameterNumberCheckTest]/[method:testIgnoreOverriddenMethods()]
ParameterNumberCheck.java,com.puppycrawl.tools.checkstyle.checks.sizes.ParameterNumberCheck,org.pitest.mutationtest.engine.gregor.mutators.returns.BooleanTrueReturnValsMutator,shouldIgnoreNumberOfParameters,179,KILLED,com.puppycrawl.tools.checkstyle.checks.sizes.ParameterNumberCheckTest.[engine:junit-jupiter]/[class:com.puppycrawl.tools.checkstyle.checks.sizes.ParameterNumberCheckTest]/[method:testIgnoreOverriddenMethods()]
ParameterNumberCheck.java,com.puppycrawl.tools.checkstyle.checks.sizes.ParameterNumberCheck,org.pitest.mutationtest.engine.gregor.mutators.ConditionalsBoundaryMutator,visitToken,164,KILLED,com.puppycrawl.tools.checkstyle.checks.sizes.ParameterNumberCheckTest.[engine:junit-jupiter]/[class:com.puppycrawl.tools.checkstyle.checks.sizes.ParameterNumberCheckTest]/[method:testMaxParam()]
ParameterNumberCheck.java,com.puppycrawl.tools.checkstyle.checks.sizes.ParameterNumberCheck,org.pitest.mutationtest.engine.gregor.mutators.NegateConditionalsMutator,visitToken,164,KILLED,com.puppycrawl.tools.checkstyle.checks.sizes.ParameterNumberCheckTest.[engine:junit-jupiter]/[class:com.puppycrawl.tools.checkstyle.checks.sizes.ParameterNumberCheckTest]/[method:testIgnoreOverriddenMethods()]
ParameterNumberCheck.java,com.puppycrawl.tools.checkstyle.checks.sizes.ParameterNumberCheck,org.pitest.mutationtest.engine.gregor.mutators.NegateConditionalsMutator,visitToken,164,KILLED,com.puppycrawl.tools.checkstyle.checks.sizes.ParameterNumberCheckTest.[engine:junit-jupiter]/[class:com.puppycrawl.tools.checkstyle.checks.sizes.ParameterNumberCheckTest]/[method:testIgnoreOverriddenMethods()]
ParameterNumberCheck.java,com.puppycrawl.tools.checkstyle.checks.sizes.ParameterNumberCheck,org.pitest.mutationtest.engine.gregor.mutators.RemoveConditionalMutator_EQUAL_ELSE,visitToken,164,KILLED,com.puppycrawl.tools.checkstyle.checks.sizes.ParameterNumberCheckTest.[engine:junit-jupiter]/[class:com.puppycrawl.tools.checkstyle.checks.sizes.ParameterNumberCheckTest]/[method:testIgnoreOverriddenMethods()]
ParameterNumberCheck.java,com.puppycrawl.tools.checkstyle.checks.sizes.ParameterNumberCheck,org.pitest.mutationtest.engine.gregor.mutators.RemoveConditionalMutator_EQUAL_IF,visitToken,164,KILLED,com.puppycrawl.tools.checkstyle.checks.sizes.ParameterNumberCheckTest.[engine:junit-jupiter]/[class:com.puppycrawl.tools.checkstyle.checks.sizes.ParameterNumberCheckTest]/[method:testIgnoreOverriddenMethods()]
ParameterNumberCheck.java,com.puppycrawl.tools.checkstyle.checks.sizes.ParameterNumberCheck,org.pitest.mutationtest.engine.gregor.mutators.RemoveConditionalMutator_ORDER_ELSE,visitToken,164,KILLED,com.puppycrawl.tools.checkstyle.checks.sizes.ParameterNumberCheckTest.[engine:junit-jupiter]/[class:com.puppycrawl.tools.checkstyle.checks.sizes.ParameterNumberCheckTest]/[method:testIgnoreOverriddenMethods()]
ParameterNumberCheck.java,com.puppycrawl.tools.checkstyle.checks.sizes.ParameterNumberCheck,org.pitest.mutationtest.engine.gregor.mutators.RemoveConditionalMutator_ORDER_IF,visitToken,164,KILLED,com.puppycrawl.tools.checkstyle.checks.sizes.ParameterNumberCheckTest.[engine:junit-jupiter]/[class:com.puppycrawl.tools.checkstyle.checks.sizes.ParameterNumberCheckTest]/[method:testDefault()]
ParameterNumberCheck.java,com.puppycrawl.tools.checkstyle.checks.sizes.ParameterNumberCheck,org.pitest.mutationtest.engine.gregor.mutators.VoidMethodCallMutator,visitToken,166,KILLED,com.puppycrawl.tools.checkstyle.checks.sizes.ParameterNumberCheckTest.[engine:junit-jupiter]/[class:com.puppycrawl.tools.checkstyle.checks.sizes.ParameterNumberCheckTest]/[method:testIgnoreOverriddenMethods()]
OuterTypeNumberCheck.java,com.puppycrawl.tools.checkstyle.checks.sizes.OuterTypeNumberCheck,org.pitest.mutationtest.engine.gregor.mutators.ConditionalsBoundaryMutator,finishTree,114,KILLED,com.puppycrawl.tools.checkstyle.checks.sizes.OuterTypeNumberCheckTest.[engine:junit-jupiter]/[class:com.puppycrawl.tools.checkstyle.checks.sizes.OuterTypeNumberCheckTest]/[method:testWithInnerClass()]
OuterTypeNumberCheck.java,com.puppycrawl.tools.checkstyle.checks.sizes.OuterTypeNumberCheck,org.pitest.mutationtest.engine.gregor.mutators.NegateConditionalsMutator,finishTree,114,KILLED,com.puppycrawl.tools.checkstyle.checks.sizes.OuterTypeNumberCheckTest.[engine:junit-jupiter]/[class:com.puppycrawl.tools.checkstyle.checks.sizes.OuterTypeNumberCheckTest]/[method:testWithInnerClass()]
OuterTypeNumberCheck.java,com.puppycrawl.tools.checkstyle.checks.sizes.OuterTypeNumberCheck,org.pitest.mutationtest.engine.gregor.mutators.RemoveConditionalMutator_ORDER_ELSE,finishTree,114,KILLED,com.puppycrawl.tools.checkstyle.checks.sizes.OuterTypeNumberCheckTest.[engine:junit-jupiter]/[class:com.puppycrawl.tools.checkstyle.checks.sizes.OuterTypeNumberCheckTest]/[method:testWithRecords()]
OuterTypeNumberCheck.java,com.puppycrawl.tools.checkstyle.checks.sizes.OuterTypeNumberCheck,org.pitest.mutationtest.engine.gregor.mutators.RemoveConditionalMutator_ORDER_IF,finishTree,114,KILLED,com.puppycrawl.tools.checkstyle.checks.sizes.OuterTypeNumberCheckTest.[engine:junit-jupiter]/[class:com.puppycrawl.tools.checkstyle.checks.sizes.OuterTypeNumberCheckTest]/[method:testWithInnerClass()]
OuterTypeNumberCheck.java,com.puppycrawl.tools.checkstyle.checks.sizes.OuterTypeNumberCheck,org.pitest.mutationtest.engine.gregor.mutators.VoidMethodCallMutator,finishTree,115,KILLED,com.puppycrawl.tools.checkstyle.checks.sizes.OuterTypeNumberCheckTest.[engine:junit-jupiter]/[class:com.puppycrawl.tools.checkstyle.checks.sizes.OuterTypeNumberCheckTest]/[method:testWithRecords()]
OuterTypeNumberCheck.java,com.puppycrawl.tools.checkstyle.checks.sizes.OuterTypeNumberCheck,org.pitest.mutationtest.engine.gregor.mutators.ReturnValsMutator,getAcceptableTokens,92,KILLED,com.puppycrawl.tools.checkstyle.checks.sizes.OuterTypeNumberCheckTest.[engine:junit-jupiter]/[class:com.puppycrawl.tools.checkstyle.checks.sizes.OuterTypeNumberCheckTest]/[method:testGetAcceptableTokens()]
OuterTypeNumberCheck.java,com.puppycrawl.tools.checkstyle.checks.sizes.OuterTypeNumberCheck,org.pitest.mutationtest.engine.gregor.mutators.ReturnValsMutator,getDefaultTokens,87,KILLED,com.puppycrawl.tools.checkstyle.checks.sizes.OuterTypeNumberCheckTest.[engine:junit-jupiter]/[class:com.puppycrawl.tools.checkstyle.checks.sizes.OuterTypeNumberCheckTest]/[method:testWithInnerClass()]
OuterTypeNumberCheck.java,com.puppycrawl.tools.checkstyle.checks.sizes.OuterTypeNumberCheck,org.pitest.mutationtest.engine.gregor.mutators.ReturnValsMutator,getRequiredTokens,97,KILLED,com.puppycrawl.tools.checkstyle.checks.sizes.OuterTypeNumberCheckTest.[engine:junit-jupiter]/[class:com.puppycrawl.tools.checkstyle.checks.sizes.OuterTypeNumberCheckTest]/[method:testGetRequiredTokens()]
OuterTypeNumberCheck.java,com.puppycrawl.tools.checkstyle.checks.sizes.OuterTypeNumberCheck,org.pitest.mutationtest.engine.gregor.mutators.MathMutator,leaveToken,129,KILLED,com.puppycrawl.tools.checkstyle.checks.sizes.OuterTypeNumberCheckTest.[engine:junit-jupiter]/[class:com.puppycrawl.tools.checkstyle.checks.sizes.OuterTypeNumberCheckTest]/[method:testWithRecords()]
OuterTypeNumberCheck.java,com.puppycrawl.tools.checkstyle.checks.sizes.OuterTypeNumberCheck,org.pitest.mutationtest.engine.gregor.mutators.MathMutator,visitToken,122,KILLED,com.puppycrawl.tools.checkstyle.checks.sizes.OuterTypeNumberCheckTest.[engine:junit-jupiter]/[class:com.puppycrawl.tools.checkstyle.checks.sizes.OuterTypeNumberCheckTest]/[method:testWithRecords()]
OuterTypeNumberCheck.java,com.puppycrawl.tools.checkstyle.checks.sizes.OuterTypeNumberCheck,org.pitest.mutationtest.engine.gregor.mutators.MathMutator,visitToken,124,KILLED,com.puppycrawl.tools.checkstyle.checks.sizes.OuterTypeNumberCheckTest.[engine:junit-jupiter]/[class:com.puppycrawl.tools.checkstyle.checks.sizes.OuterTypeNumberCheckTest]/[method:testWithRecords()]
OuterTypeNumberCheck.java,com.puppycrawl.tools.checkstyle.checks.sizes.OuterTypeNumberCheck,org.pitest.mutationtest.engine.gregor.mutators.NegateConditionalsMutator,visitToken,121,KILLED,com.puppycrawl.tools.checkstyle.checks.sizes.OuterTypeNumberCheckTest.[engine:junit-jupiter]/[class:com.puppycrawl.tools.checkstyle.checks.sizes.OuterTypeNumberCheckTest]/[method:testWithRecords()]
OuterTypeNumberCheck.java,com.puppycrawl.tools.checkstyle.checks.sizes.OuterTypeNumberCheck,org.pitest.mutationtest.engine.gregor.mutators.RemoveConditionalMutator_EQUAL_ELSE,visitToken,121,KILLED,com.puppycrawl.tools.checkstyle.checks.sizes.OuterTypeNumberCheckTest.[engine:junit-jupiter]/[class:com.puppycrawl.tools.checkstyle.checks.sizes.OuterTypeNumberCheckTest]/[method:testWithRecords()]
OuterTypeNumberCheck.java,com.puppycrawl.tools.checkstyle.checks.sizes.OuterTypeNumberCheck,org.pitest.mutationtest.engine.gregor.mutators.RemoveConditionalMutator_EQUAL_IF,visitToken,121,KILLED,com.puppycrawl.tools.checkstyle.checks.sizes.OuterTypeNumberCheckTest.[engine:junit-jupiter]/[class:com.puppycrawl.tools.checkstyle.checks.sizes.OuterTypeNumberCheckTest]/[method:testWithInnerClass()]
AnonInnerLengthCheck.java,com.puppycrawl.tools.checkstyle.checks.sizes.AnonInnerLengthCheck,org.pitest.mutationtest.engine.gregor.mutators.ReturnValsMutator,getAcceptableTokens,95,KILLED,com.puppycrawl.tools.checkstyle.checks.sizes.AnonInnerLengthCheckTest.[engine:junit-jupiter]/[class:com.puppycrawl.tools.checkstyle.checks.sizes.AnonInnerLengthCheckTest]/[method:testGetAcceptableTokens()]
AnonInnerLengthCheck.java,com.puppycrawl.tools.checkstyle.checks.sizes.AnonInnerLengthCheck,org.pitest.mutationtest.engine.gregor.mutators.ReturnValsMutator,getDefaultTokens,90,KILLED,com.puppycrawl.tools.checkstyle.checks.sizes.AnonInnerLengthCheckTest.[engine:junit-jupiter]/[class:com.puppycrawl.tools.checkstyle.checks.sizes.AnonInnerLengthCheckTest]/[method:testNonDefault()]
AnonInnerLengthCheck.java,com.puppycrawl.tools.checkstyle.checks.sizes.AnonInnerLengthCheck,org.pitest.mutationtest.engine.gregor.mutators.ReturnValsMutator,getRequiredTokens,100,KILLED,com.puppycrawl.tools.checkstyle.checks.sizes.AnonInnerLengthCheckTest.[engine:junit-jupiter]/[class:com.puppycrawl.tools.checkstyle.checks.sizes.AnonInnerLengthCheckTest]/[method:testGetRequiredTokens()]
AnonInnerLengthCheck.java,com.puppycrawl.tools.checkstyle.checks.sizes.AnonInnerLengthCheck,org.pitest.mutationtest.engine.gregor.mutators.ConditionalsBoundaryMutator,visitToken,111,KILLED,com.puppycrawl.tools.checkstyle.checks.sizes.AnonInnerLengthCheckTest.[engine:junit-jupiter]/[class:com.puppycrawl.tools.checkstyle.checks.sizes.AnonInnerLengthCheckTest]/[method:testNonDefault()]
AnonInnerLengthCheck.java,com.puppycrawl.tools.checkstyle.checks.sizes.AnonInnerLengthCheck,org.pitest.mutationtest.engine.gregor.mutators.MathMutator,visitToken,110,KILLED,com.puppycrawl.tools.checkstyle.checks.sizes.AnonInnerLengthCheckTest.[engine:junit-jupiter]/[class:com.puppycrawl.tools.checkstyle.checks.sizes.AnonInnerLengthCheckTest]/[method:testNonDefault()]
AnonInnerLengthCheck.java,com.puppycrawl.tools.checkstyle.checks.sizes.AnonInnerLengthCheck,org.pitest.mutationtest.engine.gregor.mutators.MathMutator,visitToken,110,KILLED,com.puppycrawl.tools.checkstyle.checks.sizes.AnonInnerLengthCheckTest.[engine:junit-jupiter]/[class:com.puppycrawl.tools.checkstyle.checks.sizes.AnonInnerLengthCheckTest]/[method:testNonDefault()]
AnonInnerLengthCheck.java,com.puppycrawl.tools.checkstyle.checks.sizes.AnonInnerLengthCheck,org.pitest.mutationtest.engine.gregor.mutators.NegateConditionalsMutator,visitToken,106,KILLED,com.puppycrawl.tools.checkstyle.checks.sizes.AnonInnerLengthCheckTest.[engine:junit-jupiter]/[class:com.puppycrawl.tools.checkstyle.checks.sizes.AnonInnerLengthCheckTest]/[method:testNonDefault()]
AnonInnerLengthCheck.java,com.puppycrawl.tools.checkstyle.checks.sizes.AnonInnerLengthCheck,org.pitest.mutationtest.engine.gregor.mutators.NegateConditionalsMutator,visitToken,111,KILLED,com.puppycrawl.tools.checkstyle.checks.sizes.AnonInnerLengthCheckTest.[engine:junit-jupiter]/[class:com.puppycrawl.tools.checkstyle.checks.sizes.AnonInnerLengthCheckTest]/[method:testNonDefault()]
AnonInnerLengthCheck.java,com.puppycrawl.tools.checkstyle.checks.sizes.AnonInnerLengthCheck,org.pitest.mutationtest.engine.gregor.mutators.RemoveConditionalMutator_EQUAL_ELSE,visitToken,106,KILLED,com.puppycrawl.tools.checkstyle.checks.sizes.AnonInnerLengthCheckTest.[engine:junit-jupiter]/[class:com.puppycrawl.tools.checkstyle.checks.sizes.AnonInnerLengthCheckTest]/[method:testNonDefault()]
AnonInnerLengthCheck.java,com.puppycrawl.tools.checkstyle.checks.sizes.AnonInnerLengthCheck,org.pitest.mutationtest.engine.gregor.mutators.RemoveConditionalMutator_EQUAL_IF,visitToken,106,KILLED,com.puppycrawl.tools.checkstyle.checks.sizes.AnonInnerLengthCheckTest.[engine:junit-jupiter]/[class:com.puppycrawl.tools.checkstyle.checks.sizes.AnonInnerLengthCheckTest]/[method:testNonDefault()]
AnonInnerLengthCheck.java,com.puppycrawl.tools.checkstyle.checks.sizes.AnonInnerLengthCheck,org.pitest.mutationtest.engine.gregor.mutators.RemoveConditionalMutator_ORDER_ELSE,visitToken,111,KILLED,com.puppycrawl.tools.checkstyle.checks.sizes.AnonInnerLengthCheckTest.[engine:junit-jupiter]/[class:com.puppycrawl.tools.checkstyle.checks.sizes.AnonInnerLengthCheckTest]/[method:testNonDefault()]
AnonInnerLengthCheck.java,com.puppycrawl.tools.checkstyle.checks.sizes.AnonInnerLengthCheck,org.pitest.mutationtest.engine.gregor.mutators.RemoveConditionalMutator_ORDER_IF,visitToken,111,KILLED,com.puppycrawl.tools.checkstyle.checks.sizes.AnonInnerLengthCheckTest.[engine:junit-jupiter]/[class:com.puppycrawl.tools.checkstyle.checks.sizes.AnonInnerLengthCheckTest]/[method:testNonDefault()]
AnonInnerLengthCheck.java,com.puppycrawl.tools.checkstyle.checks.sizes.AnonInnerLengthCheck,org.pitest.mutationtest.engine.gregor.mutators.VoidMethodCallMutator,visitToken,112,KILLED,com.puppycrawl.tools.checkstyle.checks.sizes.AnonInnerLengthCheckTest.[engine:junit-jupiter]/[class:com.puppycrawl.tools.checkstyle.checks.sizes.AnonInnerLengthCheckTest]/[method:testNonDefault()]
LineLengthCheck.java,com.puppycrawl.tools.checkstyle.checks.sizes.LineLengthCheck,org.pitest.mutationtest.engine.gregor.mutators.ConditionalsBoundaryMutator,processFiltered,169,KILLED,com.puppycrawl.tools.checkstyle.checks.sizes.LineLengthCheckTest.[engine:junit-jupiter]/[class:com.puppycrawl.tools.checkstyle.checks.sizes.LineLengthCheckTest]/[method:shouldNotLogLongImportStatements()]
LineLengthCheck.java,com.puppycrawl.tools.checkstyle.checks.sizes.LineLengthCheck,org.pitest.mutationtest.engine.gregor.mutators.ConditionalsBoundaryMutator,processFiltered,174,KILLED,com.puppycrawl.tools.checkstyle.checks.sizes.LineLengthCheckTest.[engine:junit-jupiter]/[class:com.puppycrawl.tools.checkstyle.checks.sizes.LineLengthCheckTest]/[method:countUnicodePointsOnce()]
LineLengthCheck.java,com.puppycrawl.tools.checkstyle.checks.sizes.LineLengthCheck,org.pitest.mutationtest.engine.gregor.mutators.MathMutator,processFiltered,175,KILLED,com.puppycrawl.tools.checkstyle.checks.sizes.LineLengthCheckTest.[engine:junit-jupiter]/[class:com.puppycrawl.tools.checkstyle.checks.sizes.LineLengthCheckTest]/[method:shouldNotLogLongImportStatements()]
LineLengthCheck.java,com.puppycrawl.tools.checkstyle.checks.sizes.LineLengthCheck,org.pitest.mutationtest.engine.gregor.mutators.NegateConditionalsMutator,processFiltered,169,KILLED,com.puppycrawl.tools.checkstyle.checks.sizes.LineLengthCheckTest.[engine:junit-jupiter]/[class:com.puppycrawl.tools.checkstyle.checks.sizes.LineLengthCheckTest]/[method:shouldNotLogLongImportStatements()]
LineLengthCheck.java,com.puppycrawl.tools.checkstyle.checks.sizes.LineLengthCheck,org.pitest.mutationtest.engine.gregor.mutators.NegateConditionalsMutator,processFiltered,174,KILLED,com.puppycrawl.tools.checkstyle.checks.sizes.LineLengthCheckTest.[engine:junit-jupiter]/[class:com.puppycrawl.tools.checkstyle.checks.sizes.LineLengthCheckTest]/[method:shouldNotLogLongImportStatements()]
LineLengthCheck.java,com.puppycrawl.tools.checkstyle.checks.sizes.LineLengthCheck,org.pitest.mutationtest.engine.gregor.mutators.NegateConditionalsMutator,processFiltered,174,KILLED,com.puppycrawl.tools.checkstyle.checks.sizes.LineLengthCheckTest.[engine:junit-jupiter]/[class:com.puppycrawl.tools.checkstyle.checks.sizes.LineLengthCheckTest]/[method:shouldNotLogLongImportStatements()]
LineLengthCheck.java,com.puppycrawl.tools.checkstyle.checks.sizes.LineLengthCheck,org.pitest.mutationtest.engine.gregor.mutators.RemoveConditionalMutator_EQUAL_ELSE,processFiltered,174,KILLED,com.puppycrawl.tools.checkstyle.checks.sizes.LineLengthCheckTest.[engine:junit-jupiter]/[class:com.puppycrawl.tools.checkstyle.checks.sizes.LineLengthCheckTest]/[method:shouldNotLogLongImportStatements()]
LineLengthCheck.java,com.puppycrawl.tools.checkstyle.checks.sizes.LineLengthCheck,org.pitest.mutationtest.engine.gregor.mutators.RemoveConditionalMutator_EQUAL_IF,processFiltered,174,KILLED,com.puppycrawl.tools.checkstyle.checks.sizes.LineLengthCheckTest.[engine:junit-jupiter]/[class:com.puppycrawl.tools.checkstyle.checks.sizes.LineLengthCheckTest]/[method:shouldNotLogLongImportStatements()]
LineLengthCheck.java,com.puppycrawl.tools.checkstyle.checks.sizes.LineLengthCheck,org.pitest.mutationtest.engine.gregor.mutators.RemoveConditionalMutator_ORDER_ELSE,processFiltered,169,KILLED,com.puppycrawl.tools.checkstyle.checks.sizes.LineLengthCheckTest.[engine:junit-jupiter]/[class:com.puppycrawl.tools.checkstyle.checks.sizes.LineLengthCheckTest]/[method:shouldNotLogLongImportStatements()]
LineLengthCheck.java,com.puppycrawl.tools.checkstyle.checks.sizes.LineLengthCheck,org.pitest.mutationtest.engine.gregor.mutators.RemoveConditionalMutator_ORDER_ELSE,processFiltered,174,KILLED,com.puppycrawl.tools.checkstyle.checks.sizes.LineLengthCheckTest.[engine:junit-jupiter]/[class:com.puppycrawl.tools.checkstyle.checks.sizes.LineLengthCheckTest]/[method:shouldNotLogLongImportStatements()]
LineLengthCheck.java,com.puppycrawl.tools.checkstyle.checks.sizes.LineLengthCheck,org.pitest.mutationtest.engine.gregor.mutators.RemoveConditionalMutator_ORDER_IF,processFiltered,169,KILLED,com.puppycrawl.tools.checkstyle.checks.sizes.LineLengthCheckTest.[engine:junit-jupiter]/[class:com.puppycrawl.tools.checkstyle.checks.sizes.LineLengthCheckTest]/[method:shouldNotLogLongImportStatements()]
LineLengthCheck.java,com.puppycrawl.tools.checkstyle.checks.sizes.LineLengthCheck,org.pitest.mutationtest.engine.gregor.mutators.RemoveConditionalMutator_ORDER_IF,processFiltered,174,KILLED,com.puppycrawl.tools.checkstyle.checks.sizes.LineLengthCheckTest.[engine:junit-jupiter]/[class:com.puppycrawl.tools.checkstyle.checks.sizes.LineLengthCheckTest]/[method:shouldNotLogLongImportStatements()]
LineLengthCheck.java,com.puppycrawl.tools.checkstyle.checks.sizes.LineLengthCheck,org.pitest.mutationtest.engine.gregor.mutators.VoidMethodCallMutator,processFiltered,175,KILLED,com.puppycrawl.tools.checkstyle.checks.sizes.LineLengthCheckTest.[engine:junit-jupiter]/[class:com.puppycrawl.tools.checkstyle.checks.sizes.LineLengthCheckTest]/[method:shouldNotLogLongImportStatements()]
MethodCountCheck.java,com.puppycrawl.tools.checkstyle.checks.sizes.MethodCountCheck$MethodCounter,org.pitest.mutationtest.engine.gregor.mutators.ConstructorCallMutator,<init>,382,KILLED,com.puppycrawl.tools.checkstyle.checks.sizes.MethodCountCheckTest.[engine:junit-jupiter]/[class:com.puppycrawl.tools.checkstyle.checks.sizes.MethodCountCheckTest]/[method:testOnInterfaceDefinitionWithField()]
MethodCountCheck.java,com.puppycrawl.tools.checkstyle.checks.sizes.MethodCountCheck$MethodCounter,org.pitest.mutationtest.engine.gregor.mutators.ReturnValsMutator,getScopeDefinition,433,KILLED,com.puppycrawl.tools.checkstyle.checks.sizes.MethodCountCheckTest.[engine:junit-jupiter]/[class:com.puppycrawl.tools.checkstyle.checks.sizes.MethodCountCheckTest]/[method:testInterfaceMemberScopeIsPublic()]
MethodCountCheck.java,com.puppycrawl.tools.checkstyle.checks.sizes.MethodCountCheck$MethodCounter,org.pitest.mutationtest.engine.gregor.mutators.ReturnValsMutator,getTotal,442,KILLED,com.puppycrawl.tools.checkstyle.checks.sizes.MethodCountCheckTest.[engine:junit-jupiter]/[class:com.puppycrawl.tools.checkstyle.checks.sizes.MethodCountCheckTest]/[method:testWithInterfaceDefinitionInClass()]
MethodCountCheck.java,com.puppycrawl.tools.checkstyle.checks.sizes.MethodCountCheck$MethodCounter,org.pitest.mutationtest.engine.gregor.mutators.MathMutator,increment,408,KILLED,com.puppycrawl.tools.checkstyle.checks.sizes.MethodCountCheckTest.[engine:junit-jupiter]/[class:com.puppycrawl.tools.checkstyle.checks.sizes.MethodCountCheckTest]/[method:testWithInterfaceDefinitionInClass()]
MethodCountCheck.java,com.puppycrawl.tools.checkstyle.checks.sizes.MethodCountCheck$MethodCounter,org.pitest.mutationtest.engine.gregor.mutators.MathMutator,increment,409,KILLED,com.puppycrawl.tools.checkstyle.checks.sizes.MethodCountCheckTest.[engine:junit-jupiter]/[class:com.puppycrawl.tools.checkstyle.checks.sizes.MethodCountCheckTest]/[method:testInterfaceMemberScopeIsPublic()]
MethodCountCheck.java,com.puppycrawl.tools.checkstyle.checks.sizes.MethodCountCheck$MethodCounter,org.pitest.mutationtest.engine.gregor.mutators.NegateConditionalsMutator,value,420,KILLED,com.puppycrawl.tools.checkstyle.checks.sizes.MethodCountCheckTest.[engine:junit-jupiter]/[class:com.puppycrawl.tools.checkstyle.checks.sizes.MethodCountCheckTest]/[method:testOnInterfaceDefinitionWithField()]
MethodCountCheck.java,com.puppycrawl.tools.checkstyle.checks.sizes.MethodCountCheck$MethodCounter,org.pitest.mutationtest.engine.gregor.mutators.RemoveConditionalMutator_EQUAL_ELSE,value,420,KILLED,com.puppycrawl.tools.checkstyle.checks.sizes.MethodCountCheckTest.[engine:junit-jupiter]/[class:com.puppycrawl.tools.checkstyle.checks.sizes.MethodCountCheckTest]/[method:testOnInterfaceDefinitionWithField()]
MethodCountCheck.java,com.puppycrawl.tools.checkstyle.checks.sizes.MethodCountCheck$MethodCounter,org.pitest.mutationtest.engine.gregor.mutators.RemoveConditionalMutator_EQUAL_IF,value,420,KILLED,com.puppycrawl.tools.checkstyle.checks.sizes.MethodCountCheckTest.[engine:junit-jupiter]/[class:com.puppycrawl.tools.checkstyle.checks.sizes.MethodCountCheckTest]/[method:testInterfaceMemberScopeIsPublic()]
MethodCountCheck.java,com.puppycrawl.tools.checkstyle.checks.sizes.MethodCountCheck$MethodCounter,org.pitest.mutationtest.engine.gregor.mutators.ReturnValsMutator,value,423,KILLED,com.puppycrawl.tools.checkstyle.checks.sizes.MethodCountCheckTest.[engine:junit-jupiter]/[class:com.puppycrawl.tools.checkstyle.checks.sizes.MethodCountCheckTest]/[method:testInterfaceMemberScopeIsPublic()]
FileLengthCheck.java,com.puppycrawl.tools.checkstyle.checks.sizes.FileLengthCheck,org.pitest.mutationtest.engine.gregor.mutators.ConditionalsBoundaryMutator,processFiltered,94,KILLED,com.puppycrawl.tools.checkstyle.checks.sizes.FileLengthCheckTest.[engine:junit-jupiter]/[class:com.puppycrawl.tools.checkstyle.checks.sizes.FileLengthCheckTest]/[method:testFileLengthEqualToMaxLength()]
FileLengthCheck.java,com.puppycrawl.tools.checkstyle.checks.sizes.FileLengthCheck,org.pitest.mutationtest.engine.gregor.mutators.NegateConditionalsMutator,processFiltered,94,KILLED,com.puppycrawl.tools.checkstyle.checks.sizes.FileLengthCheckTest.[engine:junit-jupiter]/[class:com.puppycrawl.tools.checkstyle.checks.sizes.FileLengthCheckTest]/[method:testFileLengthEqualToMaxLength()]
FileLengthCheck.java,com.puppycrawl.tools.checkstyle.checks.sizes.FileLengthCheck,org.pitest.mutationtest.engine.gregor.mutators.RemoveConditionalMutator_ORDER_ELSE,processFiltered,94,KILLED,com.puppycrawl.tools.checkstyle.checks.sizes.FileLengthCheckTest.[engine:junit-jupiter]/[class:com.puppycrawl.tools.checkstyle.checks.sizes.FileLengthCheckTest]/[method:testAlarm()]
FileLengthCheck.java,com.puppycrawl.tools.checkstyle.checks.sizes.FileLengthCheck,org.pitest.mutationtest.engine.gregor.mutators.RemoveConditionalMutator_ORDER_IF,processFiltered,94,KILLED,com.puppycrawl.tools.checkstyle.checks.sizes.FileLengthCheckTest.[engine:junit-jupiter]/[class:com.puppycrawl.tools.checkstyle.checks.sizes.FileLengthCheckTest]/[method:testFileLengthEqualToMaxLength()]
FileLengthCheck.java,com.puppycrawl.tools.checkstyle.checks.sizes.FileLengthCheck,org.pitest.mutationtest.engine.gregor.mutators.VoidMethodCallMutator,processFiltered,95,KILLED,com.puppycrawl.tools.checkstyle.checks.sizes.FileLengthCheckTest.[engine:junit-jupiter]/[class:com.puppycrawl.tools.checkstyle.checks.sizes.FileLengthCheckTest]/[method:testAlarm()]
ExecutableStatementCountCheck.java,com.puppycrawl.tools.checkstyle.checks.sizes.ExecutableStatementCountCheck$Context,org.pitest.mutationtest.engine.gregor.mutators.MathMutator,addCount,264,KILLED,com.puppycrawl.tools.checkstyle.checks.sizes.ExecutableStatementCountCheckTest.[engine:junit-jupiter]/[class:com.puppycrawl.tools.checkstyle.checks.sizes.ExecutableStatementCountCheckTest]/[method:testCtorDef()]
ExecutableStatementCountCheck.java,com.puppycrawl.tools.checkstyle.checks.sizes.ExecutableStatementCountCheck$Context,org.pitest.mutationtest.engine.gregor.mutators.ReturnValsMutator,getAST,273,KILLED,com.puppycrawl.tools.checkstyle.checks.sizes.ExecutableStatementCountCheckTest.[engine:junit-jupiter]/[class:com.puppycrawl.tools.checkstyle.checks.sizes.ExecutableStatementCountCheckTest]/[method:testCtorDef()]
ExecutableStatementCountCheck.java,com.puppycrawl.tools.checkstyle.checks.sizes.ExecutableStatementCountCheck$Context,org.pitest.mutationtest.engine.gregor.mutators.ReturnValsMutator,getCount,282,KILLED,com.puppycrawl.tools.checkstyle.checks.sizes.ExecutableStatementCountCheckTest.[engine:junit-jupiter]/[class:com.puppycrawl.tools.checkstyle.checks.sizes.ExecutableStatementCountCheckTest]/[method:testCtorDef()]
